Beach,Mentor ,Type,Season,Date,Meso Fragmented Plastic,Macro Fragmented Plastic,Total Fragmented Plastic,Meso Plastic Products,Macro Plastic Products,Total Plastic Products,Meso Food Wrappers,Macro Food Wrappers,Total Food Wrappers,Meso Styrofoam,Macro Styrofoam,Total Styrofoam,Meso Cigarette Butts,Macro Cigarette Butts,Total Cigarette Butts,Meso Paper/ Treated Wood,Macro Paper/ Treated Wood,Total Paper/ Treated Wood,Meso Metal,Macro Metal,Total Metal,Meso Glass,Macro Glass,Total Glass,Meso Fabric,Macro Fabric,Total Fabric,Meso Fetilizer Pellets,Macro Fetilizer Pellets,Total Fetilizer Pellets,Meso Fishing Gear,Macro Fishing Gear,Total Fishing Gear,Meso Rubber,Macro Rubber,Total Rubber,Meso Other,Macro Other,Total Other,Total Meso Debris,Total Macro Debris,TOTAL DEBRIS,Meso Debris/M^2,Macro Debris/M^2,Total Debris/M^2,Notes 
Main Beach,Amber,U,Winter,1/13/19,1,0,1,0,0,0,0,0,0,2,0,2,0,0,0,0,0,0,0,0,0,0,0,0,0,0,0,0,0,0,0,0,0,0,0,0,0,0,0,3,0,3,0.125,0,0.125,
Del Monte,Karolina,U,Winter,1/13/19,3,0,3,0,1,1,0,0,0,0,0,0,0,0,0,0,1,1,0,0,0,0,0,0,0,1,1,0,0,0,0,0,0,0,0,0,0,0,0,3,3,6,0.125,0.125,0.25,
Seabright,Alma,U,Winter,1/13/19,2,2,4,0,0,0,0,1,1,1,0,1,0,0,0,0,0,0,0,0,0,1,0,1,1,0,1,0,0,0,0,0,0,0,0,0,0,0,0,5,3,8,0.208333333,0.125,0.333333333,
Twin Lakes,Draven,U,Winter,1/13/19,6,1,7,1,0,1,0,0,0,0,0,0,0,0,0,1,1,2,0,0,0,0,0,0,0,0,0,0,0,0,0,0,0,0,0,0,0,1,1,8,3,11,0.333333333,0.125,0.458333333,Did wrong beach
Capitola,Brent,U,Winter,1/13/19,1,0,1,0,0,0,0,0,0,0,0,0,0,0,0,0,0,0,0,0,0,0,0,0,0,0,0,0,0,0,0,0,0,0,0,0,0,0,0,1,0,1,0.041666667,0,0.041666667,Only did 1 m x 1 m
Sunset,Sally,R,Winter,1/13/19,47,3,50,1,2,3,0,0,0,23,0,23,0,0,0,0,0,0,0,0,0,0,0,0,0,0,0,0,0,0,0,0,0,0,0,0,1,0,1,72,5,77,3,0.208333333,3.208333333,
Waddell,Xena,R,Winter,1/13/19,0,0,0,0,0,0,0,0,0,0,0,0,0,0,0,0,0,0,0,1,1,0,0,0,0,0,0,0,0,0,0,0,0,0,0,0,0,0,0,0,1,1,0,0.041666667,0.041666667,
Live Oak,Karolina & Amber,U,Winter,1/18/19,59,9,68,1,4,5,0,0,0,107,2,109,0,0,0,0,1,1,0,0,0,0,0,0,3,0,3,102,0,102,1,0,1,0,1,1,8,2,10,281,19,300,11.70833333,0.791666667,12.5,
Natural Bridges,Jack,U,Winter,1/13/19,0,0,0,1,0,1,2,0,2,0,0,0,1,0,1,0,0,0,0,0,0,0,0,0,0,0,0,0,0,0,0,0,0,0,0,0,0,0,0,4,0,4,0.166666667,0,0.166666667,
Seaside,Andrew,U,Winter,1/13/19,1,0,1,0,1,1,0,0,0,0,0,0,0,0,0,0,0,0,0,0,0,4,2,6,0,0,0,0,0,0,0,0,0,0,0,0,0,1,1,5,4,9,0.208333333,0.166666667,0.375,
Zmudowski South,Lexi & Zina,R,Winter,1/13/19,7,6,13,0,0,0,0,0,0,1,0,1,0,0,0,0,0,0,1,3,4,3,1,4,0,0,0,0,0,0,0,0,0,0,0,0,1,0,1,13,10,23,0.541666667,0.416666667,0.958333333,
Marina,Gabby,U,Winter,1/13/19,1,0,1,0,0,0,0,0,0,1,0,1,0,0,0,0,0,0,1,0,1,0,0,0,0,0,0,0,0,0,0,0,0,0,0,0,0,0,0,3,0,3,0.125,0,0.125,
Zmudowski North,Amber & Karolina,R,Winter,1/28/19,4,3,7,0,0,0,0,0,0,14,9,23,0,0,0,0,0,0,0,1,1,0,0,0,0,0,0,1,0,1,0,0,0,0,0,0,0,0,0,19,13,32,0.791666667,0.541666667,1.333333333,
Waddell,Amber,R,Winter,2/9/19,2,2,4,0,1,1,0,0,0,0,0,0,0,0,0,0,0,0,0,0,0,0,0,0,0,0,0,0,0,0,0,0,0,0,0,0,0,0,0,2,3,5,0.083333333,0.125,0.208333333,
Natural Bridges,Karolina,U,Winter,2/10/19,8,0,8,0,0,0,0,0,0,1,0,1,0,0,0,0,0,0,0,0,0,0,0,0,0,0,0,0,0,0,0,0,0,0,0,0,0,0,0,9,0,9,0.375,0,0.375,
Sunset,Alma,R,Winter,2/10/19,75,1,76,0,0,0,0,0,0,14,6,20,0,0,0,0,0,0,0,0,0,0,0,0,0,0,0,0,0,0,0,0,0,0,0,0,0,0,0,89,7,96,3.708333333,0.291666667,4,
Capitola,Draven,U,Winter,2/10/19,2,0,2,0,0,0,0,0,0,0,0,0,0,0,0,0,0,0,0,0,0,0,0,0,0,0,0,0,0,0,0,0,0,0,0,0,0,0,0,2,0,2,0.083333333,0,0.083333333,
Seaside,Sally,U,Winter,2/10/19,1,0,1,0,0,0,0,0,0,0,0,0,0,1,1,1,5,6,0,0,0,0,0,0,0,0,0,0,0,0,0,0,0,0,0,0,0,0,0,2,6,8,0.083333333,0.25,0.333333333,
Zmudowski South,Xena,R,Winter,2/10/19,0,0,0,0,0,0,0,0,0,0,0,0,0,0,0,0,0,0,0,0,0,0,0,0,0,0,0,0,0,0,0,0,0,0,0,0,0,0,0,0,0,0,0,0,0,
Marina,Zina,U,Winter,2/10/19,0,1,1,0,0,0,0,1,1,0,5,5,0,0,0,0,0,0,0,0,0,0,0,0,0,0,0,0,0,0,0,0,0,0,0,0,0,0,0,0,7,7,0,0.291666667,0.291666667,
Zmudowski North,Jack,R,Winter,2/10/19,0,0,0,1,4,5,0,0,0,1,1,2,0,1,1,0,0,0,0,0,0,0,0,0,0,0,0,0,0,0,0,1,1,0,0,0,0,0,0,2,7,9,0.083333333,0.291666667,0.375,
Seabright,Andrew,U,Winter,2/10/19,0,2,2,0,0,0,0,1,1,0,0,0,0,0,0,0,0,0,0,0,0,0,0,0,0,2,2,0,0,0,0,0,0,0,0,0,0,0,0,0,5,5,0,0.208333333,0.208333333,
Main Beach,Lexi ,U,Winter,2/10/19,0,0,0,0,0,0,0,0,0,0,0,0,1,0,1,0,0,0,0,0,0,0,0,0,0,0,0,0,0,0,0,0,0,1,0,1,0,0,0,2,0,2,0.083333333,0,0.083333333,Did wrong side of pier
Live Oak,Gabby,U,Winter,2/10/19,15,17,32,0,1,1,0,0,0,54,1,55,0,0,0,0,0,0,0,0,0,0,0,0,0,0,0,0,0,0,0,0,0,0,0,0,0,0,0,69,19,88,2.875,0.791666667,3.666666667,
Del Monte,Brent,U,Winter,2/10/19,7,2,9,0,2,2,0,0,0,3,0,3,1,0,1,0,0,0,0,0,0,0,0,0,1,0,1,0,0,0,0,0,0,1,0,1,0,0,0,13,4,17,0.541666667,0.166666667,0.708333333,Only did 1 m x 1 m
Del Monte,Amber,U,Winter,3/2/19,0,4,4,0,1,1,0,0,0,3,0,3,3,0,3,0,0,0,0,1,1,0,0,0,0,0,0,0,0,0,0,0,0,0,0,0,0,0,0,6,6,12,0.25,0.25,0.5,
Main Beach,Xena,U,Winter,3/3/19,8,0,8,0,0,0,0,0,0,0,0,0,0,0,0,0,0,0,0,0,0,0,0,0,0,0,0,0,0,0,0,0,0,0,0,0,0,0,0,8,0,8,0.333333333,0,0.333333333,
Seabright,Brent,U,Winter,3/3/19,4,1,5,0,0,0,0,0,0,3,0,3,0,0,0,0,1,1,0,0,0,1,0,1,1,2,3,0,0,0,0,0,0,0,0,0,0,0,0,9,4,13,0.375,0.166666667,0.541666667,
Waddell,Karolina,R,Winter,3/10/19,1,0,1,0,0,0,0,0,0,2,0,2,0,0,0,0,0,0,0,0,0,0,0,0,0,0,0,0,0,0,0,0,0,0,0,0,0,0,0,3,0,3,0.125,0,0.125,
Marina,Alma,U,Winter,3/3/19,0,1,1,0,1,1,0,0,0,3,1,4,0,0,0,0,0,0,0,0,0,0,0,0,0,0,0,0,0,0,0,0,0,0,1,1,0,0,0,3,4,7,0.125,0.166666667,0.291666667,
Seaside,Jack,U,Winter,3/11/19,26,4,30,6,1,7,0,0,0,17,1,18,2,0,2,0,2,2,0,0,0,2,2,4,0,0,0,1,0,1,0,0,0,0,0,0,10,2,12,64,12,76,2.666666667,0.5,3.166666667,
Sunset,Gabby,R,Winter,3/23/19,1,0,1,0,0,0,0,0,0,1,0,1,0,0,0,0,0,0,0,0,0,0,0,0,0,0,0,0,0,0,0,0,0,0,0,0,0,0,0,2,0,2,0.083333333,0,0.083333333,
Live Oak,Zina,U,Winter,3/3/19,0,0,0,0,0,0,0,0,0,0,0,0,0,0,0,0,0,0,0,0,0,0,0,0,0,0,0,0,0,0,0,0,0,0,0,0,0,0,0,0,0,0,0,0,0,
Natural Bridges,Sally,U,Winter,3/10/19,1,1,2,0,0,0,0,0,0,0,0,0,0,0,0,0,0,0,0,0,0,0,0,0,0,0,0,0,0,0,0,0,0,0,1,1,0,0,0,1,2,3,0.041666667,0.083333333,0.125,
Capitola,Lexi,U,Winter,3/3/19,1,0,1,0,0,0,0,0,0,0,0,0,0,0,0,0,0,0,0,0,0,0,0,0,0,0,0,0,0,0,0,0,0,0,0,0,0,0,0,1,0,1,0.041666667,0,0.041666667,
Zmudowski South,TRAINING,R,Spring,4/6/19,0,0,0,0,2,2,0,0,0,6,1,7,0,1,1,1,0,1,0,0,0,0,0,0,0,0,0,0,0,0,0,0,0,0,0,0,0,0,0,7,4,11,0.291666667,0.166666667,0.458333333,
Live Oak,Amber,U,Spring,4/7/19,0,1,1,0,0,0,0,0,0,4,0,4,0,3,3,0,1,1,0,0,0,0,0,0,0,1,1,0,0,0,0,0,0,0,0,0,0,0,0,4,6,10,0.166666667,0.25,0.416666667,
Main Beach,Karolina,U,Spring,4/14/19,0,0,0,0,2,2,0,0,0,0,0,0,0,1,1,0,1,1,0,0,0,0,0,0,0,0,0,0,0,0,0,0,0,0,0,0,0,0,0,0,4,4,0,0.166666667,0.166666667,
Seabright,Brent,U,Spring,4/14/19,0,2,2,0,0,0,0,0,0,2,0,2,0,0,0,0,0,0,0,0,0,0,0,0,0,0,0,0,0,0,0,0,0,0,0,0,0,1,1,2,3,5,0.083333333,0.125,0.208333333,
Sunset Beach,Zina,R,Spring,4/14/19,0,0,0,0,4,4,0,1,1,2,0,2,0,0,0,0,0,0,,0,0,0,0,0,0,0,0,0,0,0,0,0,0,0,0,0,0,0,0,2,5,7,0.083333333,0.208333333,0.291666667,
Waddell,Jack,R,Spring,4/14/19,0,0,0,0,0,0,0,0,0,0,0,0,0,0,0,0,0,0,0,0,0,0,0,0,0,0,0,0,0,0,0,0,0,0,0,0,0,0,0,0,0,0,0,0,0,
Seaside,Sally,U,Spring,4/14/19,1,0,1,0,0,0,0,0,0,0,0,0,0,0,0,110,0,110,0,0,0,0,0,0,0,0,0,0,0,0,0,0,0,0,0,0,0,0,0,111,0,111,4.625,0,4.625,Burnt paper left in sand
Marina,Xena,U,Spring,4/14/19,0,0,0,0,0,0,0,0,0,0,1,1,0,0,0,0,0,0,0,1,1,0,0,0,0,0,0,0,0,0,0,0,0,0,0,0,0,0,0,0,2,2,0,0.083333333,0.083333333,
Del Monte,Andrew,U,Spring,4/14/19,0,0,0,0,0,0,0,0,0,0,0,0,0,0,0,0,0,0,0,0,0,0,0,0,0,0,0,0,0,0,0,0,0,0,0,0,1,0,1,1,0,1,0.041666667,0,0.041666667,Other = tar
Zmudowski North,Gabby,R,Spring,4/14/19,0,0,0,0,0,0,0,0,0,0,0,0,0,0,0,0,0,0,0,0,0,0,0,0,0,0,0,0,0,0,0,0,0,0,0,0,0,0,0,0,0,0,0,0,0,
Capitola,Elise,U,Spring,4/14/19,0,1,1,0,1,1,0,0,0,0,0,0,0,0,0,0,0,0,0,0,0,0,1,1,0,0,0,0,0,0,0,0,0,0,0,0,0,0,0,0,3,3,0,0.125,0.125,
Natural Bridges,Alma,U,Spring,4/14/19,2,0,2,0,0,0,0,0,0,0,0,0,0,0,0,0,0,0,0,0,0,0,0,0,0,0,0,0,0,0,0,0,0,0,0,0,0,0,0,2,0,2,0.083333333,0,0.083333333,
Waddell,Amber,R,Spring,5/12/19,0,0,0,0,0,0,0,0,0,0,0,0,0,0,0,0,0,0,0,0,0,0,0,0,0,0,0,0,0,0,0,0,0,0,0,0,0,0,0,0,0,0,0,0,0,
Main Beach,Zina,U,Spring,5/12/19,0,0,0,0,0,0,0,0,0,0,0,0,0,0,0,0,0,0,0,0,0,0,0,0,0,0,0,0,0,0,0,0,0,0,0,0,0,0,0,0,0,0,0,0,0,
Zmudowski North,Andrew,R,Spring,5/12/19,0,0,0,0,0,0,0,0,0,1,0,1,0,0,0,0,0,0,0,1,1,0,0,0,0,0,0,0,0,0,0,0,0,0,0,0,0,0,0,1,1,2,0.041666667,0.041666667,0.083333333,
Zmudowski South,Jack,R,Spring,5/11/19,1,1,2,0,0,0,0,0,0,0,1,1,0,0,0,0,0,0,0,1,1,0,0,0,0,0,0,0,0,0,0,0,0,0,0,0,0,0,0,1,3,4,0.041666667,0.125,0.166666667,
Natural Bridges,"Karolina, Amber & Gabby",U,Spring,5/20/19,1,0,1,0,3,3,0,0,0,2,0,2,0,0,0,0,0,0,0,0,0,0,1,1,0,0,0,0,0,0,0,0,0,0,0,0,0,0,0,3,4,7,0.125,0.166666667,0.291666667,
Del Monte,Xena,U,Spring,5/11/19,0,0,0,0,0,0,0,0,0,0,0,0,0,0,0,0,0,0,0,0,0,3,0,3,1,0,1,0,0,0,0,0,0,0,0,0,0,0,0,4,0,4,0.166666667,0,0.166666667,
Capitola,Brent,U,Spring,5/12/19,0,1,1,0,0,0,0,1,1,0,0,0,0,0,0,0,0,0,0,0,0,0,0,0,0,0,0,0,0,0,0,0,0,0,0,0,1,0,1,1,2,3,0.041666667,0.083333333,0.125,
Live Oak,Sally,U,Spring,5/19/19,0,0,0,0,0,0,0,0,0,0,0,0,0,0,0,0,8,8,0,0,0,0,0,0,0,0,0,0,0,0,0,0,0,0,0,0,0,0,0,0,8,8,0,0.333333333,0.333333333,
Seaside,Karolina,U,Spring,5/5/19,1,0,1,0,0,0,0,0,0,0,0,0,0,0,0,0,0,0,0,0,0,1,0,1,0,0,0,0,0,0,0,0,0,0,0,0,0,0,0,2,0,2,0.083333333,0,0.083333333,
Marina,Gabby,U,Spring,5/11/19,0,0,0,0,0,0,0,0,0,0,0,0,0,0,0,0,0,0,0,0,0,0,0,0,0,0,0,0,0,0,0,0,0,0,0,0,0,0,0,0,0,0,0,0,0,
Sunset,Elise,R,Spring,5/12/19,1,0,1,0,0,0,0,0,0,0,0,0,0,0,0,0,0,0,0,0,0,0,0,0,0,0,0,0,0,0,0,0,0,0,0,0,0,0,0,1,0,1,0.041666667,0,0.041666667,
Seabright,Alma,U,Spring,5/19/19,4,6,10,0,0,0,0,0,0,1,1,2,0,0,0,0,0,0,0,0,0,0,0,0,0,1,1,0,0,0,0,0,0,0,0,0,7,0,7,12,8,20,0.5,0.333333333,0.833333333,other = wax
Seabright,Xena,U,Spring,6/1/19,0,1,1,0,0,0,0,0,0,0,0,0,0,0,0,0,0,0,0,0,0,0,0,0,0,0,0,0,0,0,0,0,0,0,0,0,0,0,0,0,1,1,0,0.041666667,0.041666667,
Seaside,Jack,U,Spring,6/1/19,0,0,0,0,0,0,0,0,0,0,0,0,0,0,0,0,0,0,0,0,0,0,0,0,1,0,1,0,0,0,0,0,0,0,0,0,0,0,0,1,0,1,0.041666667,0,0.041666667,
Live Oak,Gabby,U,Spring,6/1/19,0,0,0,0,0,0,0,0,0,0,0,0,0,0,0,0,0,0,0,0,0,0,0,0,0,0,0,0,0,0,0,0,,0,0,0,0,0,0,0,0,0,0,0,0,
Capitola,Andrew,U,Spring,6/2/19,0,3,3,0,0,0,0,0,0,0,0,0,0,0,0,0,0,0,0,0,0,0,0,0,0,0,0,0,0,0,0,0,0,0,0,0,0,0,0,0,3,3,0,0.125,0.125,
Main Beach,"Karolina, Amber & Gabby",U,Spring,6/5/19,0,0,0,0,0,0,0,0,0,0,0,0,0,1,1,0,0,0,0,0,0,0,0,0,0,1,1,0,0,0,0,0,0,0,0,0,0,1,1,0,3,3,0,0.125,0.125,
Waddell,"Karolina, Amber & Alma",R,Spring,6/3/19,5,0,5,0,1,1,0,0,0,1,0,1,0,0,0,0,0,0,0,0,0,0,0,0,0,0,0,0,0,0,0,0,0,0,0,0,0,0,0,6,1,7,0.25,0.041666667,0.291666667,
Sunset,Amber,R,Spring,6/2/19,0,0,0,0,0,0,0,0,0,0,0,0,0,0,0,0,0,0,0,0,0,0,0,0,0,0,0,0,0,0,0,0,0,0,1,1,0,0,0,0,1,1,0,0.041666667,0.041666667,
Zmudowski North,Brent,R,Spring,6/3/19,0,0,0,0,0,0,0,0,0,0,0,0,0,0,0,0,0,0,0,0,0,0,0,0,0,0,0,0,0,0,0,0,0,0,0,0,0,0,0,0,0,0,0,0,0,
Del Monte,Zina,U,Spring,6/2/19,0,3,3,0,0,0,0,2,2,0,0,0,0,0,0,0,4,4,0,0,0,0,0,0,0,0,0,0,0,0,0,0,0,0,0,0,0,0,0,0,9,9,0,0.375,0.375,
Natural Bridges,Sally,U,Spring,6/2/19,1,2,3,0,0,0,0,1,1,0,1,1,0,0,0,0,1,1,0,0,0,0,0,0,0,0,0,0,0,0,0,0,0,0,0,0,0,0,0,1,5,6,0.041666667,0.208333333,0.25,
Zmudowski South,Karolina,R,Spring,6/2/19,1,0,1,0,2,2,0,0,0,0,0,0,0,0,0,0,0,0,0,0,0,0,0,0,0,0,0,0,0,0,0,0,0,0,0,0,0,0,0,1,2,3,0.041666667,0.083333333,0.125,
Marina,Elise,U,,,,,0,,,0,,,0,,,0,,,0,,,0,,,0,,,0,,,0,,,0,,,0,,,0,,,0,0,0,0,0,0,0,Didi not turn in datasheets
Zmudowski South,Gabby,R,Summer,7/7/19,0,0,0,0,0,0,0,0,0,2,1,3,0,0,0,0,3,3,0,0,0,0,0,0,0,0,0,0,0,0,0,1,1,0,0,0,0,0,0,2,5,7,0.083333333,0.208333333,0.291666667,
Main Beach,Training,U,Summer,7/6/19,3,0,3,1,1,2,0,1,1,0,0,0,0,0,0,1,1,2,0,0,0,0,0,0,0,0,0,0,0,0,0,0,0,0,0,0,0,0,0,5,3,8,0.208333333,0.125,0.333333333,
Seabright,Training,U,Spring,6/30/19,0,0,0,1,2,3,0,0,0,0,1,1,1,0,1,1,0,1,0,0,0,0,0,0,0,0,0,0,0,0,0,0,0,0,0,0,0,0,0,3,3,6,0.125,0.125,0.25,
Zmudowski North,Amber,R,Summer,7/7/19,0,3,3,0,1,1,0,0,0,0,0,0,0,0,0,0,0,0,0,0,0,0,0,0,0,0,0,0,0,0,0,0,0,0,1,1,0,0,0,0,5,5,0,0.208333333,0.208333333,
Sunset,Christina,R,Summer,7/7/19,0,0,0,0,0,0,0,0,0,0,0,0,0,0,0,0,0,0,0,0,0,0,0,0,0,0,0,0,0,0,0,0,0,0,0,0,0,0,0,0,0,0,0,0,0,
Capitola,Andrew,U,Summer,7/14/19,0,0,0,0,0,0,0,0,0,0,0,0,0,0,0,0,1,1,0,2,2,0,0,0,0,0,0,0,0,0,0,0,0,0,0,0,0,0,0,0,3,3,0,0.125,0.125,
Live Oak,Amber,U,Summer,7/21/19,0,0,0,0,1,1,0,0,0,0,0,0,0,1,1,0,0,0,0,0,0,0,0,0,1,0,1,0,0,0,0,0,0,0,0,0,0,0,0,1,2,3,0.041666667,0.083333333,0.125,
Natural Bridges,"Karolina, Amber & Gabby",U,Summer,7/30/19,1,1,2,0,0,0,0,0,0,2,1,3,0,0,0,0,0,0,0,0,0,0,0,0,0,0,0,0,0,0,0,0,0,0,0,0,0,0,0,3,2,5,0.125,0.083333333,0.208333333,
Waddell,"Karolina, Amber & Gabby",R,Summer,7/23/19,0,0,0,0,0,0,0,1,1,0,0,0,0,0,0,0,0,0,0,0,0,0,0,0,0,0,0,0,0,0,0,0,0,0,0,0,0,0,0,0,1,1,0,0.041666667,0.041666667,
Seaside,Draven,U,Summer,7/7/19,0,0,0,0,0,0,0,0,0,0,0,0,0,0,0,0,0,0,0,0,0,0,0,0,0,0,0,0,0,0,0,0,0,0,0,0,0,0,0,0,0,0,0,0,0,
Marina,Alma,U,Summer,7/7/19,0,0,0,1,0,1,0,0,0,0,0,0,1,1,2,0,1,1,0,0,0,1,0,1,0,0,0,0,0,0,0,0,0,0,0,0,0,0,0,3,2,5,0.125,0.083333333,0.208333333,
Del Monte,Ana,U,Summer,7/7/19,0,0,0,0,0,0,0,0,0,0,0,0,0,0,0,0,0,0,0,0,0,0,0,0,0,0,0,0,0,0,0,0,0,0,0,0,0,0,0,0,0,0,0,0,0,
Seabright,Amber,U,Summer,8/3/19,0,0,0,0,0,0,0,0,0,0,0,0,0,0,0,0,0,0,0,0,0,0,0,0,1,0,1,0,0,0,1,1,2,0,0,0,0,0,0,2,1,3,0.083333333,0.041666667,0.125,
Seaside,Gabrielle,U,Summer,10-Aug,0,0,0,0,2,2,0,0,0,0,0,0,0,0,0,0,0,0,0,0,0,0,0,0,0,0,0,0,0,0,0,0,0,0,0,0,0,0,0,0,2,2,0,0.083333333,0.083333333,
Live Oak,Draven,U,Summer,8/17/19,2,0,2,0,0,0,0,0,0,0,0,0,0,0,0,0,0,0,0,0,0,0,0,0,0,0,0,0,0,0,0,0,0,0,0,0,0,0,0,2,0,2,0.083333333,0,0.083333333,
Marina,Amber,U,Summer,8/11/19,0,0,0,0,0,0,0,0,0,4,1,5,0,0,0,0,0,0,0,0,0,0,0,0,0,0,0,0,0,0,0,0,0,0,0,0,0,0,0,4,1,5,0.166666667,0.041666667,0.208333333,
Capitola,Christina,U,Summer,8/11/19,0,0,0,0,0,0,0,0,0,0,0,0,0,0,0,0,0,0,0,0,0,0,0,0,0,0,0,0,0,0,0,0,0,0,0,0,0,0,0,0,0,0,0,0,0,
Main Beach,Christina,U,Summer,8/11/19,0,1,1,0,0,0,0,0,0,3,0,3,0,1,1,0,0,0,0,0,0,0,0,0,0,1,1,0,0,0,0,0,0,0,0,0,0,0,0,3,3,6,0.125,0.125,0.25,
Del Monte,Alma,U,Summer,8/11/19,0,0,0,0,1,1,0,0,0,1,0,1,0,0,0,0,1,1,0,0,0,0,1,1,0,0,0,0,0,0,0,0,0,0,0,0,0,0,0,1,3,4,0.041666667,0.125,0.166666667,
Sunset,Ana,R,Summer,8/11/19,0,1,1,1,0,1,0,0,0,0,0,0,0,0,0,0,1,1,0,0,0,0,0,0,0,0,0,0,0,0,0,0,0,0,0,0,0,0,0,1,2,3,0.041666667,0.083333333,0.125,
N. Zmudowski,Roxy,R,Summer,8/11/19,2,0,2,0,0,0,0,0,0,0,0,0,0,0,0,0,0,0,0,0,0,0,0,0,0,0,0,0,0,0,0,0,0,0,0,0,0,0,0,2,0,2,0.083333333,0,0.083333333,
S. Zmudowski,Draven,R,Summer,8/18/19,0,1,1,0,2,2,0,0,0,0,2,2,0,3,3,0,1,1,0,0,0,0,0,0,0,0,0,0,0,0,0,0,0,0,0,0,0,0,0,0,9,9,0,0.375,0.375,
Natural Bridges,Amber & Gabby,U,Summer,8/21/19,0,1,1,0,0,0,0,1,1,0,0,0,0,1,1,0,1,1,0,0,0,0,0,0,1,0,1,0,0,0,0,0,0,0,0,0,0,0,0,1,4,5,0.041666667,0.166666667,0.208333333,
Waddell,Amber & Gabby,R,Summer,8/28/19,1,0,1,0,0,0,0,0,0,0,0,0,0,1,1,0,0,0,0,0,0,0,0,0,0,0,0,0,0,0,0,0,0,0,0,0,0,0,0,1,1,2,0.041666667,0.041666667,0.083333333,
Seabright,Amber & Gabby,U,Summer,9/1/19,0,0,0,0,0,0,0,1,1,0,1,1,0,0,0,0,0,0,0,0,0,0,0,0,0,0,0,0,0,0,0,0,0,0,0,0,0,0,0,0,2,2,0,0.083333333,0.083333333,
Main Beach,Amber,U,Summer,9/8/19,0,0,0,0,0,0,0,0,0,1,0,1,0,0,0,3,0,3,0,0,0,0,0,0,0,0,0,0,0,0,0,0,0,0,0,0,0,0,0,4,0,4,0.166666667,0,0.166666667,
Live Oak,Amber & Gabby,U,Summer,9/11/19,0,0,0,0,0,0,0,0,0,0,0,0,0,2,2,0,0,0,0,0,0,0,0,0,0,2,2,0,0,0,0,0,0,0,0,0,0,0,0,0,4,4,0,0.166666667,0.166666667,
N. Zmudowski,Amber & Gabby,R,Summer,9/15/19,0,0,0,0,0,0,0,0,0,0,0,0,0,0,0,0,0,0,0,0,0,0,0,0,0,0,0,0,0,0,0,0,0,1,0,1,0,0,0,1,0,1,0.041666667,0,0.041666667,
Del Monte,Roxy & Amber,U,Summer,9/14/19,0,0,0,0,0,0,0,0,0,2,1,3,0,0,0,0,0,0,0,0,0,0,2,2,0,0,0,0,0,0,0,0,0,0,0,0,0,0,0,2,3,5,0.083333333,0.125,0.208333333,
Marina,Gabby,U,Summer,9/14/19,2,0,2,1,4,5,0,2,2,0,0,0,0,1,1,1,0,1,1,0,1,1,0,1,1,0,1,0,0,0,0,0,0,0,0,0,0,0,0,7,7,14,0.291666667,0.291666667,0.583333333,
Sunset,Amber & Gabby,R,Summer,9/20/19,1,0,1,0,1,1,0,0,0,1,0,1,0,0,0,0,0,0,0,1,1,0,0,0,0,0,0,0,0,0,0,0,0,0,0,0,0,0,0,2,2,4,0.083333333,0.083333333,0.166666667,
Waddell,Amber & Gabby,R,Summer,9/22/19,0,0,0,0,0,0,0,0,0,0,0,0,0,0,0,0,0,0,0,0,0,0,0,0,0,0,0,0,0,0,0,0,0,0,1,1,0,0,0,0,1,1,0,0.041666667,0.041666667,
Seaside,Amber & Gabby,U,Summer,9/21/19,1,2,3,0,0,0,0,0,0,0,0,0,0,1,1,0,1,1,0,0,0,0,0,0,0,0,0,0,0,0,0,2,2,0,0,0,0,0,0,1,6,7,0.041666667,0.25,0.291666667,
S. Zmudowski,Andrew & Draven,R,Summer,9/8/19,1,0,1,0,0,0,0,0,0,0,0,0,0,0,0,0,2,2,0,0,0,0,0,0,0,0,0,0,0,0,0,0,0,0,0,0,0,0,0,1,2,3,0.041666667,0.083333333,0.125,
Natural Bridges,Alma,U,Summer,9/8/19,1,4,5,0,1,1,0,0,0,1,1,2,0,0,0,1,0,1,0,1,1,0,0,0,1,1,2,0,0,0,0,0,0,0,0,0,0,1,1,4,9,13,0.166666667,0.375,0.541666667,
Capitola,Amber & Gabby,U,Summer,9/6/19,0,0,0,1,0,1,0,0,0,0,0,0,0,0,0,0,0,0,0,0,0,0,0,0,0,0,0,0,0,0,0,0,0,0,0,0,0,0,0,1,0,1,0.041666667,0,0.041666667,
Seaside,Amber,U,Fall,10/6/19,2,0,2,0,0,0,0,0,0,0,0,0,0,1,1,1,0,1,0,0,0,0,0,0,0,0,0,0,0,0,0,0,0,0,0,0,0,0,0,3,1,4,0.125,0.041666667,0.166666667,
Waddell,Xena,R,Fall,10/6/19,1,0,1,0,0,0,0,0,0,0,0,0,0,0,0,0,0,0,0,0,0,0,0,0,0,0,0,0,0,0,0,0,0,0,0,0,0,0,0,1,0,1,0.041666667,0,0.041666667,
Natural Bridges,Amber & Gabby,U,Fall,10/5/19,0,0,0,0,0,0,0,0,0,0,0,0,0,0,0,0,2,2,0,1,1,0,0,0,0,0,0,0,0,0,0,0,0,0,1,1,0,0,0,0,4,4,0,0.166666667,0.166666667,
Sunset,Quinn,R,Fall,10/6/19,0,0,0,0,0,0,0,0,0,0,0,0,0,0,0,0,0,0,0,0,0,0,0,0,0,0,0,0,0,0,0,0,0,0,0,0,0,0,0,0,0,0,0,0,0,
N. Zmudowski,Andrew,R,Fall,10/6/19,0,1,1,0,0,0,0,0,0,0,0,0,1,0,1,1,0,1,0,1,1,0,0,0,0,1,1,0,0,0,0,0,0,0,0,0,0,0,0,2,3,5,0.083333333,0.125,0.208333333,
Live Oak,Amber & Gabby,U,Fall,10/11/19,0,1,1,0,0,0,0,0,0,0,0,0,0,0,0,0,0,0,0,0,0,0,0,0,0,0,0,0,0,0,0,0,0,0,0,0,0,0,0,0,1,1,0,0.041666667,0.041666667,
S. Zmudowski,Christina,R,Fall,10/6/19,0,0,0,0,0,0,0,0,0,0,0,0,0,0,0,0,1,1,1,1,2,0,0,0,0,0,0,0,0,0,0,0,0,0,0,0,0,0,0,1,2,3,0.041666667,0.083333333,0.125,
Capitola,Roxanne,U,Fall,10/6/19,0,0,0,0,0,0,0,0,0,0,0,0,0,0,0,0,0,0,0,0,0,0,0,0,0,0,0,0,0,0,0,0,0,0,0,0,0,0,0,0,0,0,0,0,0,
Marina,Julissa,U,Fall,10/6/19,0,0,0,0,0,0,0,0,0,0,0,0,0,0,0,0,0,0,0,0,0,0,0,0,0,0,0,0,0,0,0,0,0,0,0,0,0,0,0,0,0,0,0,0,0,
Main Beach,Gabby,U,Fall,10/6/19,0,0,0,0,0,0,0,0,0,0,0,0,0,0,0,0,0,0,0,0,0,0,0,0,0,0,0,0,0,0,0,0,0,0,0,0,0,0,0,0,0,0,0,0,0,
Seabright,Alma,U,Fall,10/6/19,0,1,1,0,0,0,0,0,0,1,0,1,0,0,0,0,0,0,0,0,0,0,0,0,0,0,0,0,0,0,0,0,0,0,0,0,0,0,0,1,1,2,0.041666667,0.041666667,0.083333333,
Del Monte,Amber & Gabby,U,Fall,10/28/19,5,0,5,0,0,0,0,0,0,0,0,0,0,1,1,0,0,0,0,0,0,0,0,0,0,0,0,0,0,0,0,0,0,0,0,0,0,0,0,5,1,6,0.208333333,0.041666667,0.25,
Seabright,Amber & Gabby,U,Fall,11/22/19,1,0,1,0,0,0,0,0,0,0,0,0,0,0,0,0,0,0,0,0,0,0,0,0,0,0,0,0,0,0,0,0,0,0,0,0,0,0,0,1,0,1,0.041666667,0,0.041666667,
Seaside,Christina,U,Fall,11/3/19,0,0,0,0,1,1,0,0,0,0,0,0,0,0,0,0,1,1,0,0,0,0,0,0,0,0,0,0,0,0,0,0,0,0,0,0,0,0,0,0,2,2,0,0.083333333,0.083333333,Went south instead of north
Live Oak,Amber & Gabby,U,Fall,11/11/19,0,0,0,0,0,0,0,0,0,0,1,1,0,0,0,0,0,0,0,0,0,0,0,0,0,0,0,0,0,0,0,0,0,0,0,0,0,0,0,0,1,1,0,0.041666667,0.041666667,
Marina,Quinn,U,Fall,11/3/19,0,0,0,0,0,0,0,0,0,0,0,0,1,0,1,0,1,1,0,0,0,0,0,0,0,0,0,0,0,0,0,0,0,0,0,0,0,0,0,1,1,2,0.041666667,0.041666667,0.083333333,
Capitola,Amber,U,Fall,11/9/19,0,0,0,0,0,0,0,0,0,0,0,0,0,0,0,1,0,1,0,0,0,0,0,0,0,0,0,0,0,0,0,0,0,0,0,0,0,0,0,1,0,1,0.041666667,0,0.041666667,
Main Beach,"Alma
",U,Fall,11/2/19,0,0,0,0,0,0,0,0,0,0,0,0,0,1,1,1,0,1,0,0,0,0,0,0,0,0,0,0,0,0,0,0,0,0,0,0,1,0,1,2,1,3,0.083333333,0.041666667,0.125,
Del Monte,Andrew,U,Fall,11/10/19,0,0,0,0,0,0,0,0,0,0,1,1,0,4,4,0,0,0,0,0,0,0,0,0,0,0,0,0,0,0,0,0,0,0,0,0,0,0,0,0,5,5,0,0.208333333,0.208333333,
Sunset,Julissa,R,Fall,11/3/19,0,0,0,0,0,0,0,0,0,3,0,3,0,0,0,0,0,0,0,0,0,0,0,0,0,0,0,0,0,0,0,0,0,0,0,0,0,0,0,3,0,3,0.125,0,0.125,
N. Zmudowski,Roxanne,R,Fall,11/3/19,0,0,0,0,0,0,0,1,1,0,0,0,0,0,0,0,0,0,0,0,0,0,0,0,0,0,0,0,0,0,0,0,0,0,0,0,0,0,0,0,1,1,0,0.041666667,0.041666667,
S. Zmudowski,Gabby,R,Fall,11/3/19,0,0,0,0,0,0,0,0,0,1,0,1,0,0,0,1,0,0,0,0,0,0,0,0,0,0,0,0,0,0,0,0,0,0,0,0,0,0,0,2,0,2,0.083333333,0,0.083333333,
Natural Bridges,Xena,U,Fall,11/2/19,1,0,1,0,1,1,0,0,0,0,0,0,0,0,0,0,0,0,0,0,0,0,0,0,0,0,0,0,0,0,0,0,0,0,0,0,0,0,0,1,1,2,0.041666667,0.041666667,0.083333333,
Waddell,Amber & Gabby,R,Fall,11/2/19,2,0,2,0,1,1,0,1,1,0,0,0,0,0,0,0,2,2,0,0,0,1,0,1,0,0,0,0,0,0,0,0,0,0,0,0,0,0,0,3,4,7,0.125,0.166666667,0.291666667,
Seabright,Amber & Gabby,U,Winter,1/7/20,1,0,1,0,0,0,0,0,0,0,0,0,0,0,0,0,0,0,0,0,0,0,0,0,0,0,0,0,0,0,0,0,0,0,0,0,0,0,0,1,0,1,0.041666667,0,0.041666667,Survey completed late - so only 2 fall surveys for 2019 & 4 winter for 2020.
Seaside,Roxy,U,Fall,12/14/19,2,5,7,0,0,0,0,0,0,0,0,0,0,0,0,0,1,1,0,0,0,0,0,0,0,0,0,0,0,0,0,0,0,0,0,0,0,0,0,2,6,8,0.083333333,0.25,0.333333333,
Live Oak,Amber,U,Fall,12/22/19,16,0,16,0,0,0,0,0,0,6,0,6,0,0,0,0,0,0,0,0,0,0,0,0,0,0,0,4,0,4,0,0,0,0,0,0,1,0,1,27,0,27,1.125,0,1.125,
Marina,Xena,U,Fall,11/24/19,1,0,1,0,0,0,0,0,0,0,0,0,0,0,0,0,0,0,0,0,0,0,0,0,0,0,0,0,0,0,0,0,0,0,0,0,0,0,0,1,0,1,0.041666667,0,0.041666667,
Capitola,Christina,U,Fall,12/1/19,0,0,0,0,1,1,0,0,0,1,0,1,0,2,2,0,0,0,0,0,0,0,0,0,0,0,0,0,0,0,0,0,0,0,0,0,0,0,0,1,3,4,0.041666667,0.125,0.166666667,
Main Beach,Andrew,U,Fall,12/8/19,0,0,0,0,0,0,0,0,0,1,0,1,0,0,0,0,0,0,0,0,0,0,0,0,0,0,0,0,0,0,0,0,0,0,0,0,0,0,0,1,0,1,0.041666667,0,0.041666667,
Del Monte,Gabby,U,Fall,23-Nov,1,0,1,0,1,1,0,0,0,0,0,0,0,0,0,0,0,0,0,0,0,0,1,1,0,0,0,0,0,0,0,0,0,0,1,1,0,0,0,1,3,4,0.041666667,0.125,0.166666667,
Sunset,Amber & Gabby,R,Fall,12/30/19,14,8,22,0,3,3,0,0,0,5,0,5,0,2,2,0,0,0,0,0,0,0,0,0,0,0,0,1,0,1,0,0,0,0,0,0,0,0,0,20,13,33,0.833333333,0.541666667,1.375,
N. Zmudowski,Alma,R,Fall,12/7/19,10,1,11,0,2,2,0,1,1,13,1,14,0,3,3,0,0,0,0,0,0,0,0,0,0,0,0,0,0,0,0,0,0,0,0,0,0,0,0,23,8,31,0.958333333,0.333333333,1.291666667,
S. Zmudowski,Gabby,R,Fall,11/30/19,0,0,0,0,0,0,0,0,0,4,11,15,0,0,0,0,0,0,0,0,0,0,0,0,0,0,0,0,0,0,0,0,0,0,0,0,0,0,0,4,11,15,0.166666667,0.458333333,0.625,
Natural Bridges,Quinn,U,Fall,12/1/19,0,0,0,0,2,2,0,2,2,0,4,4,0,0,0,0,0,0,0,0,0,0,0,0,0,0,0,0,0,0,0,0,0,0,0,0,0,0,0,0,8,8,0,0.333333333,0.333333333,
Waddell,Julissa,R,Fall,11/24/19,0,0,0,0,0,0,0,0,0,0,0,0,0,0,0,0,1,1,0,0,0,0,0,0,0,0,0,0,0,0,0,0,0,0,0,0,0,0,0,0,1,1,0,0.041666667,0.041666667,
Seabright,Amber,U,Winter,2/1/20,0,0,0,0,0,0,0,0,0,0,0,0,0,0,0,0,0,0,0,0,0,3,1,4,0,0,0,0,0,0,0,0,0,0,0,0,0,0,0,3,1,4,0.125,0.041666667,0.166666667,2 surveys in Febuary
Seaside,Gabby & Jasmine,U,Winter,1/19/20,0,0,0,0,0,0,0,1,1,0,0,0,0,0,0,0,0,0,0,0,0,0,0,0,0,0,0,0,0,0,0,0,0,0,0,0,0,0,0,0,1,1,0,0.041666667,0.041666667,
Live Oak,Amber & Bianca,U,Winter,1/24/20,0,0,0,0,0,0,0,0,0,3,0,3,0,0,0,0,0,0,0,0,0,0,0,0,0,0,0,0,0,0,0,0,0,0,0,0,0,0,0,3,0,3,0.125,0,0.125,
Marina,Faith & Julissa,U,Winter,1/19/20,1,0,1,0,0,0,0,0,0,0,0,0,0,0,0,0,0,0,0,0,0,0,0,0,0,0,0,0,0,0,0,0,0,0,0,0,0,0,0,1,0,1,0.041666667,0,0.041666667,
Capitola,Christina,U,Winter,12/1/19,0,0,0,0,1,1,0,0,0,1,0,1,0,2,2,0,0,0,0,0,0,0,0,0,0,0,0,0,0,0,0,0,0,0,0,0,0,0,0,1,3,4,0.041666667,0.125,0.166666667,
Capitola,Gabby,U,Winter,1/17/20,0,0,0,0,0,0,0,0,0,2,0,2,0,1,1,0,0,0,0,0,0,0,0,0,0,0,0,0,0,0,0,0,0,0,0,0,0,0,0,2,1,3,0.083333333,0.041666667,0.125,
Main Beach,Quinn,U,Winter,1/19/20,1,0,1,1,2,3,0,0,0,0,0,0,15,0,15,1,0,1,0,3,3,0,0,0,0,0,0,0,0,0,0,0,0,0,0,0,0,0,0,18,5,23,0.75,0.208333333,0.958333333,
Del Monte,Christina,U,Winter,1/19/20,11,0,11,0,0,0,0,0,0,0,0,0,0,0,0,0,0,0,0,0,0,1,0,1,0,0,0,0,0,0,0,0,0,0,0,0,0,0,0,12,0,12,0.5,0,0.5,
Sunset,Archi,R,Winter,1/19/20,0,0,0,0,0,0,0,0,0,0,0,0,0,0,0,0,0,0,0,0,0,0,0,0,0,0,0,0,0,0,0,0,0,0,0,0,0,0,0,0,0,0,0,0,0,
N. Zmudowski,Amber,R,Winter,1/19/20,2,1,3,0,0,0,0,0,0,0,0,0,0,0,0,1,0,1,0,0,0,0,0,0,1,0,1,0,0,0,0,0,0,0,0,0,0,0,0,4,1,5,0.166666667,0.041666667,0.208333333,
S. Zmudowski,Training,R,Winter,1/18/20,18,2,20,0,0,0,0,0,0,1,0,1,0,0,0,0,0,0,0,1,1,0,0,0,0,0,0,0,0,0,0,0,0,0,1,1,0,0,0,19,4,23,0.791666667,0.166666667,0.958333333,
Natural Bridges,Andrew,U,Winter,1/19/20,0,0,0,0,0,0,0,0,0,0,0,0,0,0,0,0,0,0,0,0,0,0,0,0,0,0,0,0,0,0,0,0,0,0,0,0,0,0,0,0,0,0,0,0,0,
Waddell,Alma,R,Winter,1/19/20,,,0,,,0,,,0,,,0,,,0,,,0,,,0,,,0,,,0,,,0,,,0,,,0,,,0,0,0,0,0,0,0,
Seabright,Amber ,U,Winter,2/22/20,1,1,2,0,0,0,0,0,0,1,0,1,0,0,0,0,0,0,0,0,0,0,1,1,0,0,0,0,0,0,0,0,0,0,0,0,0,,0,2,2,4,0.083333333,0.083333333,0.166666667,
Seaside,Quinn,U,Winter,2/16/20,0,0,0,0,0,0,0,0,0,0,0,0,0,0,0,0,0,0,0,0,0,0,0,0,0,0,0,0,0,0,0,0,0,0,0,0,0,0,0,0,0,0,0,0,0,
Live Oak,Amber & Gabby,U,Winter,2/13/20,1,1,2,0,0,0,0,0,0,0,0,0,0,0,0,0,0,0,0,0,0,0,0,0,0,0,0,0,0,0,0,0,0,0,0,0,0,0,0,1,1,2,0.041666667,0.041666667,0.083333333,
Marina,Andrew,U,Winter,2/16/20,0,2,2,0,0,0,0,1,1,0,0,0,0,0,0,0,0,0,0,0,0,0,0,0,0,0,0,0,0,0,0,0,0,0,0,0,0,0,0,0,3,3,0,0.125,0.125,
Capitola,Amber & Gavin,U,Winter,2/23/20,3,2,5,0,0,0,0,0,0,0,0,0,0,0,0,0,1,1,0,0,0,0,0,0,0,0,0,0,0,0,0,0,0,0,1,1,0,0,0,3,4,7,0.125,0.166666667,0.291666667,
Main Beach,Xena,U,Winter,2/15/20,1,0,1,0,0,0,0,0,0,0,6,6,2,0,2,3,1,4,0,0,0,0,0,0,0,0,0,0,0,0,0,0,0,0,0,0,0,0,0,6,7,13,0.25,0.291666667,0.541666667,
Del Monte,Archi,U,Winter,2/16/20,0,0,0,0,0,0,0,0,0,0,0,0,0,0,0,0,0,0,0,0,0,0,0,0,0,0,0,0,0,0,0,0,0,0,0,0,0,0,0,0,0,0,0,0,0,Did wrong area - between Del Monte & Seasdie..
Sunset,Alma,R,Winter,,,,0,,,0,,,0,,,0,,,0,,,0,,,0,,,0,,,0,,,0,,,0,,,0,,,0,0,0,0,0,0,0,
N. Zmudowski,Jasmine,R,Winter,2/16/20,0,0,0,0,0,0,0,0,0,0,0,0,0,0,0,0,0,0,0,0,0,0,0,0,0,0,0,0,0,0,0,0,0,0,0,0,0,0,0,0,0,0,0,0,0,
S. Zmudowski,Julissa,R,Winter,2/16/20,0,1,1,0,0,0,0,0,0,0,0,0,0,0,0,0,0,0,0,0,0,0,0,0,0,0,0,0,0,0,0,0,0,0,0,0,0,0,0,0,1,1,0,0.041666667,0.041666667,
Natural Bridges,Christina,U,Winter,2/15/20,2,0,2,0,1,1,0,0,0,0,0,0,0,0,0,0,0,0,0,0,0,0,0,0,0,0,0,0,0,0,0,0,0,0,0,0,0,0,0,2,1,3,0.083333333,0.041666667,0.125,
Waddell,"Amber, Gavin, & Binaca",R,Winter,2/21/20,0,0,0,0,0,0,0,0,0,0,0,0,0,0,0,0,0,0,0,0,0,0,0,0,0,0,0,0,0,0,0,1,1,0,0,0,0,0,0,0,1,1,0,0.041666667,0.041666667,
Seabright,"Amber, Gavin",U,Winter,3/13/20,1,1,2,0,0,0,0,0,0,0,0,0,0,0,0,0,1,1,0,0,0,13,3,16,0,0,0,0,0,0,0,0,0,0,0,0,0,0,0,14,5,19,0.583333333,0.208333333,0.791666667,
Live Oak,"Amber, Gavin, Megan",U,Winter,3/9/20,0,0,0,0,2,2,0,0,0,0,0,0,0,0,0,0,0,0,0,0,0,4,0,4,0,0,0,0,0,0,0,0,0,0,0,0,0,0,0,4,2,6,0.166666667,0.083333333,0.25,
Capitola,,U,Winter,,,,0,,,0,,,0,,,0,,,0,,,0,,,0,,,0,,,0,,,0,,,0,,,0,,,0,0,0,0,0,0,0,
Main Beach,"Amber, Gavin, Megan",U,Winter,3/12/20,0,0,0,0,0,0,0,0,0,0,0,0,0,0,0,0,0,0,0,0,0,0,0,0,0,0,0,0,0,0,0,0,0,0,0,0,0,0,0,0,0,0,0,0,0,
Sunset,"Gavin, Jasmine",R,Winter,3/14/20,0,0,0,0,0,0,0,0,0,0,0,0,0,0,0,0,1,1,0,0,0,0,0,0,0,0,0,0,0,0,0,0,0,0,0,0,0,0,0,0,1,1,0,0.041666667,0.041666667,
Natural Bridges,"Amber, Gavin, Megan",U,Winter,3/12/20,1,0,1,0,0,0,0,0,0,2,0,2,0,0,0,0,0,0,0,1,1,0,0,0,0,1,1,0,0,0,0,0,0,0,0,0,0,0,0,3,2,5,0.125,0.083333333,0.208333333,
Waddell,"Amber, Gavin, Megan",R,Winter,3/12/20,1,0,1,0,0,0,0,0,0,2,0,2,0,0,0,0,0,0,0,0,0,0,0,0,0,0,0,0,0,0,0,0,0,0,0,0,0,0,0,3,0,3,0.125,0,0.125,
Seabright,Amber & Gavin,U,Spring,4/24/20,0,1,1,0,0,0,0,0,0,0,0,0,0,0,0,0,0,0,0,0,0,0,0,0,0,0,0,0,0,0,0,0,0,0,0,0,0,0,0,0,1,1,0,0.041666667,0.041666667,
Seaside,Amber & Gavin,U,Spring,4/28/20,1,3,4,0,0,0,0,0,0,1,1,2,0,0,0,0,0,0,0,0,0,0,0,0,0,0,0,2,0,2,0,0,0,0,0,0,0,0,0,4,4,8,0.166666667,0.166666667,0.333333333,
Live Oak,Amber & Gavin,U,Spring,4/25/20,0,0,0,0,0,0,0,1,1,1,0,1,0,0,0,0,0,0,0,0,0,0,0,0,0,0,0,0,0,0,0,0,0,0,0,0,0,0,0,1,1,2,0.041666667,0.041666667,0.083333333,
Marina,Amber & Gavin,U,Spring,4/28/20,0,0,0,0,0,0,0,0,0,3,1,4,0,0,0,0,1,1,0,0,0,0,0,0,0,0,0,0,0,0,0,0,0,0,0,0,0,1,1,3,3,6,0.125,0.125,0.25,other: gum
Capitola,Amber & Gavin,U,Spring,4/22/20,0,1,1,0,1,1,0,0,0,0,0,0,0,0,0,0,0,0,1,2,3,0,1,1,0,0,0,0,0,0,0,0,0,0,0,0,0,0,0,1,5,6,0.041666667,0.208333333,0.25,
Main Beach,Amber & Gavin,U,Spring,4/24/20,0,0,0,0,0,0,0,0,0,0,0,0,0,1,1,0,1,1,0,0,0,0,0,0,0,0,0,0,0,0,0,0,0,0,0,0,0,0,0,0,2,2,0,0.083333333,0.083333333,
Del Monte,Amber & Gavin,U,Spring,4/23/20,0,0,0,0,0,0,0,0,0,0,0,0,0,0,0,0,0,0,0,0,0,2,1,3,0,0,0,0,0,0,0,0,0,0,0,0,0,0,0,2,1,3,0.083333333,0.041666667,0.125,
Sunset,Amber & Gavin,R,Spring,4/22/20,1,0,1,0,0,0,0,0,0,1,0,1,0,0,0,0,0,0,0,0,0,0,0,0,0,0,0,0,0,0,0,0,0,0,0,0,0,0,0,2,0,2,0.083333333,0,0.083333333,
N. Zmudowski,Amber & Gavin,R,Spring,4/27/20,2,0,2,0,0,0,0,1,1,0,0,0,0,0,0,0,0,0,0,,0,0,0,0,0,0,0,0,0,0,0,0,0,0,0,0,0,0,0,2,1,3,0.083333333,0.041666667,0.125,
S. Zmudowski,Amber & Gavin,R,Spring,4/27/20,3,1,4,1,0,1,0,0,0,0,0,0,0,0,0,0,0,0,0,0,0,0,0,0,0,0,0,0,0,0,0,0,0,0,0,0,0,0,0,4,1,5,0.166666667,0.041666667,0.208333333,
Natural Bridges,Amber & Gavin,U,Spring,4/21/20,0,0,0,0,0,0,0,0,0,0,0,0,0,0,0,0,0,0,0,0,0,0,0,0,0,0,0,0,0,0,0,0,0,0,0,0,0,0,0,0,0,0,0,0,0,
Waddell,Amber & Gavin,R,Spring,4/21/20,0,0,0,0,0,0,0,0,0,0,0,0,0,0,0,0,0,0,0,0,0,0,0,0,0,0,0,0,0,0,0,0,0,0,0,0,0,0,0,0,0,0,0,0,0,
Seabright,Amber & Gavin,U,Spring,5/15/20,0,0,0,0,0,0,0,0,0,1,0,1,0,0,0,0,0,0,0,1,1,0,0,0,0,0,0,0,0,0,0,0,0,0,0,0,0,0,0,1,1,2,0.041666667,0.041666667,0.083333333,
Seaside,Amber & Gavin,U,Spring,5/20/20,0,0,0,0,0,0,0,0,0,0,0,0,0,0,0,0,0,0,0,0,0,0,0,0,0,0,0,0,0,0,0,0,0,0,0,0,0,0,0,0,0,0,0,0,0,
Live Oak,Amber & Gavin,U,Spring,5/19/20,1,3,4,0,0,0,0,0,0,0,0,0,0,0,0,0,0,0,0,0,0,0,0,0,0,0,0,0,0,0,0,0,0,0,0,0,0,0,0,1,3,4,0.041666667,0.125,0.166666667,
Marina,Amber & Gavin,U,Spring,5/23/20,0,0,0,0,0,0,0,0,0,1,0,1,0,1,1,0,0,0,0,0,0,0,0,0,0,0,0,0,0,0,0,0,0,0,0,0,0,0,0,1,1,2,0.041666667,0.041666667,0.083333333,
Capitola,Amber & Gavin,U,Spring,5/11/20,0,2,2,0,0,0,0,0,0,1,0,1,0,0,0,0,0,0,0,0,0,1,0,1,0,0,0,0,0,0,0,0,0,0,0,0,0,0,0,2,2,4,0.083333333,0.083333333,0.166666667,
Main Beach,Amber & Gavin,U,Spring,5/26/20,0,2,2,0,0,0,0,1,1,1,0,1,0,2,2,0,1,1,0,0,0,0,0,0,0,0,0,0,0,0,0,0,0,0,0,0,0,0,0,1,6,7,0.041666667,0.25,0.291666667,
Del Monte,Amber & Gavin,U,Spring,5/15/20,0,0,0,0,0,0,0,0,0,0,0,0,0,0,0,1,0,1,0,0,0,0,0,0,0,0,0,0,0,0,0,0,0,0,0,0,0,0,0,1,0,1,0.041666667,0,0.041666667,
Sunset,Amber & Gavin,R,Spring,5/26/20,0,0,0,0,0,0,0,0,0,0,0,0,0,0,0,0,0,0,0,0,0,0,0,0,0,0,0,0,0,0,0,0,0,0,0,0,0,0,0,0,0,0,0,0,0,
N. Zmudowski,Amber & Gavin,R,Spring,5/21/20,0,1,1,0,0,0,0,0,0,0,0,0,0,0,0,0,0,0,0,0,0,0,0,0,0,0,0,0,0,0,0,0,0,0,0,0,0,0,0,0,1,1,0,0.041666667,0.041666667,
S. Zmudowski,Amber & Gavin,R,Spring,5/21/20,1,0,1,0,1,1,0,0,0,0,0,0,0,0,0,0,1,1,0,0,0,0,0,0,0,0,0,0,0,0,0,0,0,0,0,0,0,0,0,1,2,3,0.041666667,0.083333333,0.125,
Natural Bridges,Amber & Gavin,U,Spring,5/14/20,1,0,1,0,0,0,0,0,0,1,0,1,0,0,0,0,2,2,0,0,0,0,0,0,0,0,0,0,0,0,0,0,0,0,0,0,0,0,0,2,2,4,0.083333333,0.083333333,0.166666667,
Waddell,Amber & Gavin,R,Spring,5/15/20,0,0,0,0,0,0,0,0,0,0,0,0,0,0,0,0,0,0,0,0,0,0,0,0,0,0,0,0,0,0,0,0,0,0,0,0,0,0,0,0,0,0,0,0,0,
Seabright,"Amber, Gavin, Jasmine",U,Spring,6/12/20,0,0,0,0,0,0,0,0,0,1,0,1,0,0,0,0,0,0,0,0,0,0,0,0,0,0,0,0,0,0,0,0,0,0,0,0,0,0,0,1,0,1,0.041666667,0,0.041666667,
Seaside,Amber & Gavin,U,Spring,6/12/20,1,2,3,0,0,0,0,0,0,0,0,0,0,0,0,0,0,0,0,1,1,0,0,0,0,0,0,0,0,0,0,0,0,0,1,1,0,0,0,1,4,5,0.041666667,0.166666667,0.208333333,
Live Oak,"Amber, Gavin, Jasmine",U,Spring,6/12/20,0,0,0,0,0,0,0,0,0,0,0,0,0,0,0,0,0,0,0,0,0,0,0,0,0,0,0,0,0,0,0,0,0,0,0,0,0,0,0,0,0,0,0,0,0,
Marina,Amber & Gavin,U,Spring,6/25/20,0,1,1,1,1,2,0,0,0,0,0,0,0,0,0,0,0,0,0,0,0,0,0,0,0,0,0,0,0,0,0,0,0,0,0,0,0,1,1,1,3,4,0.041666667,0.125,0.166666667,other item was brick
Capitola,Amber & Gavin,U,Spring,6/25/20,1,1,2,0,0,0,0,0,0,0,0,0,0,0,0,0,0,0,0,0,0,0,0,0,0,0,0,0,0,0,0,0,0,0,0,0,0,0,0,1,1,2,0.041666667,0.041666667,0.083333333,sand combed over with large machinery recently 
Main Beach,Amber & Gavin,U,Spring,6/23/20,0,0,0,0,1,1,0,0,0,2,0,2,0,1,1,0,0,0,0,0,0,0,0,0,2,0,2,0,0,0,0,1,1,0,0,0,0,0,0,4,3,7,0.166666667,0.125,0.291666667,
Del Monte,Amber & Gavin,U,Spring,6/24/20,0,0,0,0,0,0,0,0,0,7,0,7,0,0,0,1,5,6,0,0,0,1,1,2,0,1,1,0,0,0,0,0,0,0,1,1,0,1,1,9,9,18,0.375,0.375,0.75,other item was brick
Sunset,Amber & Gavin,R,Spring,6/17/20,1,0,1,0,0,0,0,0,0,0,0,0,0,0,0,0,0,0,0,0,0,0,0,0,0,0,0,0,0,0,0,0,0,0,1,1,0,0,0,1,1,2,0.041666667,0.041666667,0.083333333,
N. Zmudowski,Amber & Gavin,R,Spring,6/16/20,0,2,2,0,0,0,0,0,0,0,0,0,0,0,0,0,0,0,0,0,0,1,0,1,0,0,0,0,0,0,0,1,1,0,0,0,0,0,0,1,3,4,0.041666667,0.125,0.166666667,
S. Zmudowski,Amber & Gavin,R,Spring,6/16/20,0,0,0,0,0,0,0,0,0,0,0,0,0,0,0,0,0,0,0,0,0,0,0,0,0,0,0,0,0,0,0,0,0,0,0,0,0,0,0,0,0,0,0,0,0,
Natural Bridges,Amber & Gavin,U,Spring,6/11/20,0,0,0,0,0,0,0,0,0,0,0,0,0,0,0,0,0,0,0,0,0,3,0,3,0,0,0,0,0,0,0,0,0,0,0,0,0,0,0,3,0,3,0.125,0,0.125,
Waddell,Amber & Gavin,R,Spring,6/11/20,0,0,0,0,0,0,0,0,0,0,0,0,0,0,0,0,0,0,0,0,0,0,0,0,0,0,0,0,0,0,0,0,0,0,0,0,0,0,0,0,0,0,0,0,0,
Seabright,Amber & Gavin,U,Summer,7/22/20,0,3,3,0,0,0,0,0,0,0,0,0,0,1,1,0,0,0,0,1,1,1,1,2,0,0,0,0,0,0,0,0,0,0,0,0,0,0,0,1,6,7,0.041666667,0.25,0.291666667,
Seaside,Amber & Gavin,U,Summer,7/23/20,0,0,0,0,0,0,0,0,0,0,0,0,0,0,0,0,0,0,0,0,0,2,0,2,0,0,0,0,0,0,0,0,0,0,0,0,0,0,0,2,0,2,0.083333333,0,0.083333333,
Live Oak,Amber & Gavin,U,Summer,7/15/20,0,0,0,0,2,2,0,0,0,0,0,0,0,0,0,0,0,0,0,1,1,1,0,1,0,0,0,0,0,0,0,0,0,0,0,0,0,0,0,1,3,4,0.041666667,0.125,0.166666667,
Marina,Amber & Gavin,U,Summer,7/23/20,0,2,2,0,0,0,0,0,0,0,0,0,0,3,3,0,0,0,0,0,0,0,0,0,0,0,0,0,0,0,0,1,1,0,0,0,0,0,0,0,6,6,0,0.25,0.25,
Capitola,Amber & Gavin,U,Summer,7/22/20,0,0,0,0,0,0,0,0,0,0,0,0,0,0,0,0,0,0,0,0,0,0,0,0,0,0,0,0,0,0,0,0,0,0,0,0,0,0,0,0,0,0,0,0,0,
Main Beach,Amber & Gavin,U,Summer,7/21/20,1,2,3,0,0,0,0,0,0,0,0,0,0,1,1,0,1,1,0,0,0,0,0,0,0,0,0,0,0,0,0,0,0,0,0,0,0,0,0,1,4,5,0.041666667,0.166666667,0.208333333,
Del Monte,Amber & Gavin,U,Summer,7/17/20,1,1,2,0,0,0,0,0,0,0,0,0,0,0,0,0,1,1,0,0,0,0,0,0,0,0,0,0,0,0,0,0,0,0,0,0,0,0,0,1,2,3,0.041666667,0.083333333,0.125,
Sunset,Amber & Gavin,R,Summer,7/15/20,0,1,1,0,0,0,0,0,0,0,0,0,0,0,0,0,0,0,0,0,0,0,0,0,0,0,0,0,0,0,0,0,0,0,0,0,0,0,0,0,1,1,0,0.041666667,0.041666667,
N. Zmudowski,Amber & Gavin,R,Summer,7/13/20,1,3,4,0,1,1,0,1,1,0,0,0,0,0,0,0,6,6,0,0,0,0,0,0,0,0,0,0,0,0,0,0,0,0,0,0,0,0,0,1,11,12,0.041666667,0.458333333,0.5,
S. Zmudowski,Amber & Gavin,R,Summer,7/13/20,1,0,1,0,0,0,0,0,0,0,0,0,0,0,0,0,8,8,0,0,0,0,0,0,0,0,0,0,0,0,0,0,0,0,0,0,0,0,0,1,8,9,0.041666667,0.333333333,0.375,
Natural Bridges,Amber & Gavin,U,Summer,7/9/20,2,0,2,0,0,0,0,0,0,0,0,0,0,0,0,1,1,2,0,0,0,0,0,0,0,0,0,0,0,0,0,0,0,0,0,0,0,0,0,3,1,4,0.125,0.041666667,0.166666667,
Waddell,Amber & Gavin,R,Summer,7/9/20,0,0,0,0,0,0,0,0,0,0,0,0,0,0,0,0,0,0,0,0,0,0,0,0,0,0,0,0,0,0,0,0,0,0,0,0,0,0,0,0,0,0,0,0,0,
Seabright,Amber & Gavin,U,Summer,8/13/20,2,1,3,0,2,2,0,0,0,0,0,0,0,0,0,0,0,0,0,0,0,1,0,1,0,0,0,0,0,0,0,0,0,0,0,0,0,0,0,3,3,6,0.125,0.125,0.25,
Seaside,Amber & Gavin,U,Summer,8/18/20,2,1,3,0,0,0,0,0,0,0,0,0,0,0,0,0,0,0,0,0,0,0,0,0,0,0,0,0,0,0,0,0,0,0,0,0,0,0,0,2,1,3,0.083333333,0.041666667,0.125,
Live Oak,Amber & Gavin,U,Summer,8/13/20,0,0,0,0,0,0,0,0,0,0,0,0,0,0,0,0,1,1,0,0,0,2,0,2,0,0,0,0,0,0,0,0,0,0,0,0,0,0,0,2,1,3,0.083333333,0.041666667,0.125,
Marina,Amber & Gavin,U,Summer,8/18/20,0,0,0,0,0,0,0,0,0,0,0,0,0,2,2,0,1,1,0,1,1,0,0,0,0,0,0,0,0,0,0,0,0,0,0,0,0,0,0,0,4,4,0,0.166666667,0.166666667,
Capitola,Amber & Gavin,U,Summer,8/12/20,1,2,3,0,3,3,0,0,0,7,0,7,0,1,1,0,0,0,0,0,0,0,0,0,0,0,0,0,0,0,0,0,0,0,0,0,0,0,0,8,6,14,0.333333333,0.25,0.583333333,
Main Beach,Amber & Gavin,U,Summer,8/14/20,11,1,12,0,4,4,0,0,0,43,0,43,0,3,3,1,2,3,0,0,0,0,0,0,0,0,0,0,0,0,1,2,3,0,0,0,0,0,0,56,12,68,2.333333333,0.5,2.833333333,
Del Monte,Amber & Emily,U,Summer,9/21/20,0,0,0,0,1,1,0,0,0,2,1,3,0,2,2,0,0,0,0,0,0,0,1,1,0,1,1,0,0,0,0,1,1,0,0,0,0,0,0,2,7,9,0.083333333,0.291666667,0.375,
Sunset,Amber & Gavin,R,Summer,8/17/20,0,0,0,0,3,3,0,0,0,1,1,2,0,0,0,0,0,0,0,0,0,0,0,0,0,0,0,0,0,0,0,0,0,0,0,0,0,0,0,1,4,5,0.041666667,0.166666667,0.208333333,
N. Zmudowski,Amber & Gavin,R,Summer,8/17/20,0,0,0,0,2,2,0,1,1,0,0,0,0,0,0,1,1,2,0,1,1,0,0,0,0,1,1,0,0,0,0,0,0,0,0,0,0,0,0,1,6,7,0.041666667,0.25,0.291666667,
S. Zmudowski,Amber & Gavin,R,Summer,8/17/20,1,1,2,0,0,0,0,0,0,0,0,0,0,0,0,0,2,2,0,3,3,0,0,0,0,0,0,0,0,0,0,0,0,0,0,0,0,0,0,1,6,7,0.041666667,0.25,0.291666667,
Natural Bridges,Amber & Gavin,U,Summer,8/12/20,0,1,1,0,0,0,0,0,0,0,0,0,0,0,0,0,0,0,0,0,0,0,0,0,0,0,0,0,0,0,0,0,0,0,0,0,0,0,0,0,1,1,0,0.041666667,0.041666667,
Waddell,Amber & Emily,R,Summer,9/10/20,0,0,0,0,1,1,0,0,0,0,0,0,0,0,0,0,0,0,0,1,1,0,0,0,0,0,0,0,0,0,0,0,0,0,0,0,0,0,0,0,2,2,0,0.083333333,0.083333333,
Seabright,Amber & Emily,U,Fall,10/12/20,2,0,2,0,0,0,0,0,0,2,0,2,1,0,1,0,2,2,0,0,0,0,0,0,0,0,0,0,0,0,0,0,0,0,0,0,0,0,0,5,2,7,0.208333333,0.083333333,0.291666667,
Seaside,Amber & Emily,U,Fall,10/14/20,0,0,0,1,0,1,0,0,0,0,0,0,0,0,0,0,0,0,0,0,0,0,0,0,1,0,1,0,0,0,0,0,0,0,0,0,0,0,0,2,0,2,0.083333333,0,0.083333333,
Live Oak,Amber & Emily,U,Fall,10/5/20,0,0,0,0,0,0,0,0,0,0,1,1,0,0,0,0,0,0,0,0,0,0,0,0,0,0,0,0,0,0,0,0,0,0,0,0,0,0,0,0,1,1,0,0.041666667,0.041666667,
Marina,Amber & Emily,U,Fall,10/14/20,0,1,1,0,0,0,0,0,0,0,0,0,0,0,0,0,0,0,0,1,1,0,0,0,0,0,0,0,0,0,0,0,0,0,0,0,0,0,0,0,2,2,0,0.083333333,0.083333333,
Capitola,Amber & Emily,U,Fall,10/5/20,0,0,0,0,1,1,0,0,0,0,0,0,0,0,0,0,0,0,0,0,0,0,0,0,0,0,0,0,0,0,0,0,0,0,0,0,0,0,0,0,1,1,0,0.041666667,0.041666667,
Main Beach,Amber & Emily,U,Fall,10/19/20,0,1,1,0,2,2,0,0,0,2,0,2,0,2,2,0,1,1,0,1,1,0,0,0,0,1,1,0,0,0,1,0,1,0,0,0,0,0,0,3,8,11,0.125,0.333333333,0.458333333,
Del Monte,Amber & Emily,U,Fall,10/21/20,0,4,4,1,3,4,1,2,3,0,0,0,0,4,4,2,0,2,2,1,3,0,0,0,0,0,0,0,0,0,0,0,0,0,0,0,0,1,1,6,15,21,0.25,0.625,0.875,Other - ceramic
Sunset,Amber & Emily,R,Fall,10/12/20,0,0,0,0,0,0,0,0,0,0,0,0,0,0,0,0,0,0,0,0,0,0,0,0,0,0,0,0,0,0,0,0,0,0,0,0,0,0,0,0,0,0,0,0,0,
N. Zmudowski,Amber & Emily,R,Fall,10/7/20,0,0,0,0,1,1,0,0,0,0,1,1,0,0,0,0,1,1,0,0,0,0,0,0,0,0,0,0,0,0,0,0,0,0,0,0,0,0,0,0,3,3,0,0.125,0.125,
S. Zmudowski,Amber & Emily,R,Fall,10/7/20,1,0,1,0,1,1,0,0,0,3,1,4,0,2,2,0,1,1,0,0,0,0,0,0,0,0,0,0,0,0,0,1,1,0,0,0,0,0,0,4,6,10,0.166666667,0.25,0.416666667,
Natural Bridges,Amber & Emily,U,Fall,10/22/20,2,0,2,1,3,4,0,0,0,1,1,2,0,1,1,0,0,0,0,0,0,0,0,0,0,0,0,0,0,0,0,0,0,0,0,0,0,0,0,4,5,9,0.166666667,0.208333333,0.375,
Waddell,Amber & Emily,R,Fall,10/22/20,0,0,0,0,2,2,0,0,0,0,2,2,0,0,0,0,0,0,0,0,0,0,0,0,0,0,0,0,0,0,0,0,0,0,0,0,0,0,0,0,4,4,0,0.166666667,0.166666667,
Capitola,Amber & Emily,U,Fall,11/4/20,0,1,1,0,0,0,0,0,0,2,1,3,0,0,0,0,0,0,0,1,1,0,0,0,0,0,0,0,0,0,0,0,0,0,0,0,0,0,0,2,3,5,0.083333333,0.125,0.208333333,
N. Zmudowski,Amber & Emily,R,Fall,11/2/20,0,0,0,0,0,0,0,1,1,0,0,0,0,0,0,0,0,0,0,0,0,0,0,0,0,0,0,0,0,0,0,0,0,0,0,0,0,0,0,0,1,1,0,0.041666667,0.041666667,
S. Zmudowski,Amber & Emily,R,Fall,11/2/20,1,1,2,0,0,0,0,0,0,0,0,0,0,0,0,0,1,1,0,0,0,0,0,0,0,0,0,0,0,0,0,0,0,0,0,0,0,0,0,1,2,3,0.041666667,0.083333333,0.125,
Seabright,Amber & Juli,U,Winter,2/12/21,0,0,0,0,0,0,0,0,0,1,1,2,0,0,0,2,1,3,0,1,1,5,1,6,0,1,1,0,0,0,0,0,0,0,1,1,0,0,0,8,6,14,0.333333333,0.25,0.583333333,
Seaside,Amber & Juli,U,Winter,2/23/21,3,0,3,0,0,0,0,0,0,4,0,4,0,0,0,1,2,3,0,0,0,0,0,0,0,0,0,0,0,0,0,0,0,0,0,0,0,0,0,8,2,10,0.333333333,0.083333333,0.416666667,
Live Oak,Amber & Juli,U,Winter,2/7/21,0,0,0,0,0,0,0,0,0,0,0,0,0,0,0,0,0,0,0,0,0,0,0,0,0,0,0,0,0,0,0,0,0,0,0,0,0,0,0,0,0,0,0,0,0,
Marina,Amber & Juli,U,Winter,2/23/21,2,0,2,0,0,0,0,0,0,1,0,1,0,0,0,0,1,1,0,0,0,0,0,0,0,0,0,0,0,0,0,0,0,0,0,0,2,0,2,5,1,6,0.208333333,0.041666667,0.25,Other = wax
Capitola,Amber & Juli,U,Winter,2/16/21,0,0,0,0,0,0,0,0,0,0,0,0,0,0,0,0,0,0,0,0,0,0,0,0,0,0,0,0,0,0,0,0,0,0,0,0,0,0,0,0,0,0,0,0,0,
Main Beach,Amber & Juli,U,Winter,2/16/21,0,0,0,0,4,4,0,0,0,0,5,5,0,1,1,0,0,0,0,0,0,0,0,0,0,0,0,0,0,0,0,0,0,0,0,0,0,0,0,0,10,10,0,0.416666667,0.416666667,
Del Monte,Amber & Juli,U,Winter,2/25/21,3,0,3,0,0,0,0,0,0,3,0,3,0,1,1,0,0,0,0,0,0,0,0,0,0,0,0,0,0,0,0,0,0,0,0,0,0,0,0,6,1,7,0.25,0.041666667,0.291666667,
Sunset,Amber & Juli,R,Winter,2/7/21,0,1,1,0,0,0,0,0,0,0,0,0,0,0,0,0,2,2,0,1,1,0,0,0,0,0,0,0,0,0,0,0,0,0,0,0,0,0,0,0,4,4,0,0.166666667,0.166666667,
N. Zmudowski,Amber & Juli,R,Winter,2/18/21,2,1,3,0,0,0,0,0,0,1,0,1,0,0,0,0,0,0,0,0,0,0,0,0,0,0,0,0,0,0,0,0,0,0,0,0,0,0,0,3,1,4,0.125,0.041666667,0.166666667,
S. Zmudowski,Amber & Juli,R,Winter,2/18/21,0,0,0,0,0,0,0,0,0,0,0,0,0,0,0,0,0,0,0,0,0,0,0,0,0,0,0,0,0,0,0,0,0,0,0,0,0,0,0,0,0,0,0,0,0,
Natural Bridges,Amber & Juli,U,Winter,2/5/21,0,0,0,0,1,1,0,0,0,1,0,1,1,0,1,0,3,3,0,0,0,0,0,0,0,0,0,0,0,0,0,0,0,0,0,0,0,0,0,2,4,6,0.083333333,0.166666667,0.25,
Waddell,Amber & Juli,R,Winter,2/5/21,0,0,0,0,0,0,0,0,0,0,0,0,0,0,0,0,0,0,0,0,0,0,0,0,0,0,0,0,0,0,0,0,0,0,0,0,0,0,0,0,0,0,0,0,0,
Seabright,Amber & Juli,U,Winter,3/4/21,0,1,1,0,0,0,0,0,0,1,0,1,0,0,0,0,0,0,0,0,0,5,0,5,0,1,1,0,0,0,0,0,0,0,0,0,0,0,0,6,2,8,0.25,0.083333333,0.333333333,
Seaside,Amber & Juli,U,Winter,3/29/21,0,0,0,0,0,0,0,0,0,0,0,0,0,1,1,2,4,6,0,0,0,0,0,0,0,1,1,0,0,0,0,0,0,0,0,0,0,0,0,2,6,8,0.083333333,0.25,0.333333333,
Live Oak,Amber & Juli,U,Winter,3/30/21,,,0,,,0,,,0,,,0,,,0,,,0,,,0,,,0,,,0,,,0,,,0,,,0,,,0,0,0,0,0,0,0,
Marina,Amber & Juli,U,Winter,3/29/20,0,0,0,0,0,0,0,0,0,0,0,0,0,0,0,0,0,0,0,0,0,0,0,0,0,0,0,0,0,0,0,0,0,0,0,0,0,0,0,0,0,0,0,0,0,
Capitola,Amber & Juli,U,Winter,3/5/21,3,4,7,0,1,1,0,0,0,1,0,1,0,0,0,0,1,1,0,0,0,0,0,0,0,2,2,0,0,0,0,0,0,0,0,0,0,0,0,4,8,12,0.166666667,0.333333333,0.5,
Main Beach,Amber & Juli,U,Winter,3/2/21,1,0,1,0,1,1,0,0,0,6,0,6,0,0,0,1,2,3,1,0,1,0,0,0,0,0,0,0,0,0,0,0,0,0,0,0,0,0,0,9,3,12,0.375,0.125,0.5,
Del Monte,Amber & Juli,U,Winter,3/22/21,0,0,0,0,1,1,0,0,0,0,0,0,0,3,3,0,2,2,0,0,0,0,0,0,0,0,0,0,0,0,0,0,0,0,0,0,0,0,0,0,6,6,0,0.25,0.25,Beach cleanup happened just before we got there
Sunset,Amber & Juli,R,Winter,3/5/21,5,2,7,0,0,0,0,0,0,1,0,1,0,0,0,0,0,0,0,0,0,0,0,0,0,0,0,0,0,0,0,1,1,0,0,0,0,1,1,6,4,10,0.25,0.166666667,0.416666667,Other = conrete
N. Zmudowski,Amber & Juli,R,Winter,3/28/21,,,0,,,0,,,0,,,0,,,0,,,0,,,0,,,0,,,0,,,0,,,0,,,0,,,0,0,0,0,0,0,0,
S. Zmudowski,Amber & Juli,R,Winter,3/21/21,1,0,1,0,0,0,0,0,0,0,0,0,0,0,0,0,0,0,0,0,0,0,0,0,0,0,0,0,0,0,0,0,0,0,0,0,0,0,0,1,0,1,0.041666667,0,0.041666667,
Natural Bridges,Amber & Juli,U,Winter,3/4/21,0,1,1,0,1,1,0,0,0,0,0,0,0,0,0,0,0,0,0,0,0,0,0,0,1,0,1,0,0,0,0,0,0,0,0,0,0,0,0,1,2,3,0.041666667,0.083333333,0.125,
Waddell,Amber & Juli,R,Winter,3/8/21,0,0,0,0,0,0,0,1,1,0,0,0,0,0,0,0,1,1,0,0,0,0,0,0,0,0,0,0,0,0,0,0,0,0,0,0,0,0,0,0,2,2,0,0.083333333,0.083333333,
Seabright,Amber & Juli,U,Spring,4/5/21,0,0,0,0,0,0,0,0,0,0,0,0,0,0,0,0,0,0,0,0,0,1,0,1,0,0,0,0,0,0,0,0,0,0,0,0,2,1,3,3,1,4,0.125,0.041666667,0.166666667,Other = candy
Seaside,Amber & Juli,U,Spring,4/26/21,0,0,0,0,0,0,0,0,0,0,0,0,0,0,0,0,0,0,0,1,1,1,0,1,0,0,0,0,0,0,0,0,0,0,0,0,0,0,0,1,1,2,0.041666667,0.041666667,0.083333333,
Live Oak,Amber & Juli,U,Spring,4/27/21,1,0,1,0,0,0,0,0,0,0,0,0,0,0,0,0,1,1,0,0,0,0,0,0,0,0,0,0,0,0,0,0,0,0,0,0,0,0,0,1,1,2,0.041666667,0.041666667,0.083333333,
Marina,Amber & Juli,U,Spring,4/26/21,0,0,0,0,0,0,0,1,1,0,0,0,0,1,1,0,0,0,0,0,0,0,0,0,0,0,0,0,0,0,0,0,0,0,0,0,0,0,0,0,2,2,0,0.083333333,0.083333333,
Capitola,Amber & Juli,U,Spring,4/6/21,0,2,2,0,1,1,0,0,0,5,1,6,0,0,0,1,0,1,0,1,1,0,0,0,0,0,0,0,0,0,0,0,0,0,1,1,0,0,0,6,6,12,0.25,0.25,0.5,
Main Beach,Amber & Juli,U,Spring,4/1/21,2,0,2,0,2,2,0,0,0,7,0,7,0,5,5,2,1,3,0,0,0,0,0,0,0,0,0,0,0,0,0,0,0,0,0,0,0,0,0,11,8,19,0.458333333,0.333333333,0.791666667,
Del Monte,Amber & Juli,U,Spring,4/15/21,1,3,4,0,0,0,0,0,0,0,0,0,0,1,1,1,4,5,0,2,2,0,2,2,0,0,0,0,0,0,0,0,0,0,0,0,0,0,0,2,12,14,0.083333333,0.5,0.583333333,
Sunset,Amber & Juli,R,Spring,4/6/21,1,1,2,0,1,1,0,0,0,0,0,0,0,0,0,0,0,0,0,0,0,0,0,0,0,0,0,0,0,0,0,0,0,0,0,0,0,0,0,1,2,3,0.041666667,0.083333333,0.125,
N. Zmudowski,Amber & Juli,R,Spring,4/8/21,0,0,0,0,0,0,0,0,0,0,0,0,0,0,0,0,0,0,0,0,0,0,0,0,0,0,0,0,0,0,0,0,0,0,0,0,0,0,0,0,0,0,0,0,0,
S. Zmudowski,Amber & Juli,R,Spring,4/8/21,0,0,0,0,0,0,0,1,1,0,0,0,0,0,0,0,0,0,0,0,0,0,0,0,0,0,0,0,0,0,0,0,0,0,0,0,0,0,0,0,1,1,0,0.041666667,0.041666667,
Natural Bridges,Amber & Juli,U,Spring,4/2/21,0,2,2,0,0,0,0,0,0,0,0,0,0,0,0,0,0,0,0,0,0,0,0,0,0,0,0,0,0,0,0,0,0,0,0,0,0,0,0,0,2,2,0,0.083333333,0.083333333,
Waddell,Amber & Juli,R,Spring,4/2/21,0,0,0,0,0,0,0,0,0,0,1,1,0,0,0,0,0,0,0,0,0,0,0,0,0,0,0,0,0,0,0,0,0,0,0,0,0,0,0,0,1,1,0,0.041666667,0.041666667,
Seabright,Amber & Juli,U,Spring,5/6/21,0,0,0,0,0,0,0,0,0,0,0,0,0,0,0,0,0,0,0,0,0,0,0,0,0,0,0,0,0,0,0,0,0,0,0,0,0,0,0,0,0,0,0,0,0,
Seaside,Amber & Juli,U,Spring,5/21/21,0,0,0,0,0,0,0,0,0,0,0,0,0,0,0,1,0,1,0,0,0,0,0,0,0,0,0,0,0,0,0,0,0,0,0,0,0,0,0,1,0,1,0.041666667,0,0.041666667,
Live Oak,Amber & Juli,U,Spring,5/17/21,0,0,0,0,0,0,0,0,0,0,0,0,0,0,0,0,0,0,0,0,0,0,0,0,0,0,0,0,0,0,0,0,0,0,0,0,0,0,0,0,0,0,0,0,0,
Marina,Amber & Juli,U,Spring,5/17/21,0,0,0,0,0,0,0,0,0,0,0,0,0,0,0,0,0,0,0,0,0,0,0,0,0,0,0,0,0,0,0,0,0,0,0,0,0,0,0,0,0,0,0,0,0,
Capitola,Amber & Juli,U,Spring,5/13/21,0,0,0,0,1,1,0,0,0,0,1,1,0,0,0,0,0,0,0,1,1,0,0,0,0,0,0,0,0,0,0,0,0,0,0,0,0,0,0,0,3,3,0,0.125,0.125,
Main Beach,Amber & Juli,U,Spring,5/6/21,0,3,3,0,0,0,0,0,0,4,1,5,0,1,1,0,0,0,0,2,2,0,0,0,0,0,0,0,0,0,0,0,0,0,0,0,0,0,0,4,7,11,0.166666667,0.291666667,0.458333333,
Del Monte,Amber & Juli,U,Spring,5/21/21,0,0,0,0,1,1,0,0,0,0,0,0,0,0,0,0,0,0,0,1,1,0,3,3,0,0,0,0,0,0,0,0,0,0,1,1,0,0,0,0,6,6,0,0.25,0.25,
Sunset,Amber & Juli,R,Spring,5/13/21,0,1,1,0,0,0,0,0,0,0,0,0,0,0,0,0,0,0,0,0,0,0,0,0,0,1,1,0,0,0,0,0,0,0,0,0,0,0,0,0,2,2,0,0.083333333,0.083333333,
N. Zmudowski,Amber & Juli,R,Spring,5/17/21,0,0,0,0,0,0,0,0,0,0,0,0,0,0,0,1,0,1,0,0,0,0,1,1,0,0,0,0,0,0,0,0,0,1,0,1,0,0,0,2,1,3,0.083333333,0.041666667,0.125,
S. Zmudowski,Amber & Juli,R,Spring,5/17/21,0,0,0,0,1,1,0,0,0,1,0,1,0,0,0,0,0,0,1,0,1,0,0,0,0,0,0,0,0,0,0,0,0,0,0,0,0,0,0,2,1,3,0.083333333,0.041666667,0.125,
Natural Bridges,Amber & Juli,U,Spring,5/7/21,0,0,0,0,0,0,0,0,0,0,0,0,0,0,0,0,0,0,0,0,0,0,0,0,0,0,0,0,0,0,0,0,0,0,0,0,0,0,0,0,0,0,0,0,0,
Waddell,Amber & Juli,R,Spring,5/4/21,0,0,0,0,0,0,0,0,0,0,0,0,0,0,0,0,0,0,0,0,0,0,0,0,0,0,0,0,0,0,0,0,0,0,0,0,0,0,0,0,0,0,0,0,0,
Seabright,Amber & Maia ,U,Spring,,,,0,,,0,,,0,,,0,,,0,,,0,,,0,,,0,,,0,,,0,,,0,,,0,,,0,0,0,0,0,0,0,
Seaside,Amber & Maia ,U,Spring,6/18/21,0,1,1,0,0,0,0,0,0,0,0,0,0,0,0,0,2,2,0,0,0,0,0,0,0,0,0,0,0,0,0,0,0,0,0,0,0,0,0,0,3,3,0,0.125,0.125,
Live Oak,Amber & Maia ,U,Spring,6/16/21,1,0,1,0,0,0,0,0,0,0,0,0,0,0,0,0,0,0,0,0,0,0,0,0,0,0,0,0,0,0,0,0,0,0,0,0,0,0,0,1,0,1,0.041666667,0,0.041666667,
Marina,Amber & Maia ,U,Spring,6/18/21,1,1,2,0,1,1,0,1,1,0,0,0,0,0,0,0,0,0,0,0,0,0,0,0,0,0,0,0,0,0,0,0,0,0,0,0,0,0,0,1,3,4,0.041666667,0.125,0.166666667,
Capitola,Amber & Maia ,U,Spring,6/17/21,1,0,1,0,0,0,0,0,0,0,0,0,0,0,0,0,0,0,0,0,0,0,0,0,0,0,0,0,0,0,0,0,0,0,0,0,0,0,0,1,0,1,0.041666667,0,0.041666667,
Main Beach,"Amber, Juli, & Maia ",U,Spring,6/4/21,1,1,2,0,0,0,0,0,0,0,0,0,0,0,0,0,0,0,0,0,0,0,0,0,0,0,0,0,0,0,0,0,0,0,0,0,0,0,0,1,1,2,0.041666667,0.041666667,0.083333333,
Del Monte,Amber & Maia ,U,Spring,6/18/21,1,3,4,0,2,2,0,0,0,0,0,0,0,2,2,0,0,0,0,0,0,0,1,1,0,0,0,0,0,0,0,0,0,0,2,2,0,1,1,1,11,12,0.041666667,0.458333333,0.5,Other = Brick
Sunset,Amber & Maia ,R,Spring,17-Jun,0,0,0,0,0,0,0,0,0,0,0,0,0,0,0,0,0,0,0,0,0,0,0,0,0,0,0,0,0,0,0,0,0,0,0,0,0,0,0,0,0,0,0,0,0,
N. Zmudowski,Amber & Maia ,R,Spring,6/16/21,0,0,0,0,0,0,0,0,0,0,0,0,0,0,0,0,0,0,0,0,0,0,0,0,0,0,0,0,0,0,0,0,0,0,0,0,0,0,0,0,0,0,0,0,0,
S. Zmudowski,Amber & Maia ,R,Spring,6/16/21,1,0,1,0,0,0,0,0,0,0,0,0,0,0,0,0,0,0,0,1,1,0,1,1,0,0,0,0,0,0,0,0,0,0,0,0,0,0,0,1,2,3,0.041666667,0.083333333,0.125,
Natural Bridges,Amber & Maia ,U,Spring,6/15/21,0,0,0,0,0,0,0,0,0,0,0,0,0,0,0,0,0,0,0,1,1,0,0,0,0,0,0,0,0,0,0,0,0,0,0,0,0,0,0,0,1,1,0,0.041666667,0.041666667,
Waddell,Amber & Maia ,R,Spring,6/15/21,0,0,0,0,0,0,0,0,0,0,0,0,0,0,0,0,0,0,0,0,0,0,0,0,0,0,0,0,0,0,0,0,0,0,0,0,0,0,0,0,0,0,0,0,0,
Seabright,Amber & Maia,U,Summer,7/26/21,0,0,0,0,0,0,0,0,0,2,0,2,0,1,1,1,0,1,0,0,0,1,0,1,0,0,0,0,0,0,0,1,1,0,0,0,0,0,0,4,2,6,0.166666667,0.083333333,0.25,
Seaside,Maia & Karolina,U,Summer,7/16/21,1,2,3,0,1,1,0,0,0,0,0,0,0,0,0,0,0,0,0,0,0,1,0,1,0,0,0,0,0,0,1,0,1,0,0,0,0,0,0,3,3,6,0.125,0.125,0.25,
Live Oak,Maia & Karolina,U,Summer,7/21/21,0,0,0,0,0,0,0,0,0,1,0,1,0,0,0,0,0,0,0,0,0,0,0,0,0,0,0,0,0,0,0,0,0,0,0,0,0,0,0,1,0,1,0.041666667,0,0.041666667,
Marina,Maia & Karolina,U,Summer,7/16/21,0,1,1,0,0,0,0,0,0,0,0,0,0,0,0,0,0,0,0,0,0,0,0,0,0,0,0,0,0,0,0,0,0,0,0,0,0,0,0,0,1,1,0,0.041666667,0.041666667,
Capitola,Amber & Maia,U,Summer,7/26/21,1,1,2,0,0,0,1,0,1,1,0,1,0,1,1,0,2,2,0,1,1,0,0,0,0,0,0,0,0,0,0,0,0,0,0,0,0,0,0,3,5,8,0.125,0.208333333,0.333333333,
Main Beach,Maia & Karolina,U,Summer,7/17/21,0,1,1,0,2,2,0,0,0,1,0,1,0,0,0,0,0,0,0,0,0,0,0,0,0,0,0,0,0,0,0,0,0,0,0,0,0,0,0,1,3,4,0.041666667,0.125,0.166666667,
Del Monte,Maia & Karolina,U,Summer,7/16/21,0,0,0,0,1,1,0,0,0,0,0,0,0,0,0,0,0,0,0,0,0,0,0,0,2,0,2,0,0,0,0,0,0,0,0,0,0,0,0,2,1,3,0.083333333,0.041666667,0.125,
Sunset,Amber & Maia,R,Summer,7/27/21,0,0,0,0,0,0,0,0,0,0,0,0,0,1,1,0,0,0,0,0,0,0,0,0,0,0,0,0,0,0,0,0,0,0,0,0,0,0,0,0,1,1,0,0.041666667,0.041666667,
N. Zmudowski,Amber & Maia,R,Summer,7/27/21,0,0,0,0,1,1,0,0,0,7,0,7,0,0,0,0,0,0,0,0,0,0,0,0,0,0,0,0,0,0,0,0,0,0,0,0,0,0,0,7,1,8,0.291666667,0.041666667,0.333333333,
S. Zmudowski,Amber & Maia,R,Summer,7/27/21,0,1,1,0,0,0,0,0,0,1,1,2,0,0,0,0,0,0,0,0,0,0,0,0,0,0,0,0,0,0,0,1,1,0,1,1,0,0,0,1,4,5,0.041666667,0.166666667,0.208333333,
Natural Bridges,Maia & Karolina,U,Summer,7/17/21,0,0,0,0,0,0,0,0,0,0,0,0,0,0,0,0,0,0,0,0,0,0,0,0,0,0,0,0,0,0,0,0,0,0,0,0,0,0,0,0,0,0,0,0,0,
Waddell,Maia & Karolina,R,Summer,7/17/21,0,0,0,0,0,0,0,0,0,0,0,0,0,0,0,0,0,0,0,0,0,0,0,0,0,0,0,0,0,0,0,0,0,0,0,0,0,0,0,0,0,0,0,0,0,
Seabright,Amber & Maia,U,Summer,8/24/21,0,1,1,0,0,0,0,0,0,0,0,0,0,0,0,0,0,0,0,0,0,0,0,0,0,0,0,0,0,0,0,0,0,0,0,0,0,0,0,0,1,1,0,0.041666667,0.041666667,
Seaside,Amber & Maia,U,Summer,8/17/21,0,1,1,0,0,0,0,0,0,1,0,1,0,0,0,0,1,1,0,0,0,0,0,0,0,0,0,0,0,0,0,0,0,0,0,0,0,0,0,1,2,3,0.041666667,0.083333333,0.125,
Live Oak,Amber & Maia,U,Summer,8/24/21,2,4,6,0,0,0,0,0,0,1,0,1,0,0,0,0,0,0,0,0,0,0,0,0,0,0,0,0,0,0,0,0,0,0,1,1,0,0,0,3,5,8,0.125,0.208333333,0.333333333,
Marina,Amber & Maia,U,Summer,8/17/21,0,0,0,0,1,1,0,0,0,0,0,0,0,0,0,0,0,0,0,0,0,0,0,0,0,1,1,0,0,0,0,0,0,0,0,0,0,0,0,0,2,2,0,0.083333333,0.083333333,
Capitola,Amber & Maia,U,Summer,8/24/21,1,0,1,0,0,0,0,0,0,0,0,0,0,0,0,0,0,0,0,0,0,0,0,0,0,0,0,0,0,0,0,0,0,0,0,0,0,0,0,1,0,1,0.041666667,0,0.041666667,
Main Beach,Amber & Maia,U,Summer,8/6/21,3,1,4,0,0,0,0,0,0,3,0,3,0,0,0,2,3,5,0,0,0,0,0,0,0,0,0,0,0,0,0,0,0,0,0,0,0,0,0,8,4,12,0.333333333,0.166666667,0.5,
Del Monte,Amber & Maia,U,Summer,8/17/21,0,0,0,0,2,2,0,0,0,1,0,1,0,4,4,1,4,5,0,0,0,2,1,3,0,0,0,0,0,0,0,0,0,0,0,0,0,1,1,4,12,16,0.166666667,0.5,0.666666667,Other = Brick
Sunset,Amber & Maia,R,Summer,8/13/21,0,0,0,0,0,0,0,0,0,0,0,0,0,0,0,0,0,0,0,0,0,0,0,0,0,0,0,0,0,0,0,0,0,0,0,0,0,0,0,0,0,0,0,0,0,
N. Zmudowski,Amber & Maia,R,Summer,8/13/21,0,0,0,0,0,0,0,0,0,1,1,2,0,0,0,0,1,1,0,0,0,0,0,0,0,0,0,0,0,0,0,0,0,0,0,0,0,0,0,1,2,3,0.041666667,0.083333333,0.125,
S. Zmudowski,Amber & Maia,R,Summer,8/13/21,0,0,0,0,0,0,0,1,1,1,0,1,0,1,1,0,0,0,0,0,0,0,0,0,0,0,0,0,0,0,0,0,0,0,0,0,0,0,0,1,2,3,0.041666667,0.083333333,0.125,
Natural Bridges,Amber & Maia,U,Summer,8/6/21,0,0,0,0,0,0,0,0,0,0,0,0,0,0,0,0,0,0,0,0,0,0,0,0,0,0,0,0,0,0,0,0,0,0,0,0,0,0,0,0,0,0,0,0,0,
Waddell,Amber & Maia,R,Summer,8/6/21,0,0,0,0,0,0,0,0,0,0,0,0,0,0,0,0,0,0,0,0,0,0,0,0,0,0,0,0,0,0,0,0,0,0,0,0,0,0,0,0,0,0,0,0,0,
Seabright,Maia & Juli,U,Summer,,,,0,,,0,,,0,,,0,,,0,,,0,,,0,,,0,,,0,,,0,,,0,,,0,,,0,0,0,0,0,0,0,
Seaside,Maia & Juli,U,Summer,9/21/21,3,0,3,0,1,1,0,1,1,0,0,0,0,0,0,0,2,2,0,1,1,0,0,0,0,0,0,0,0,0,0,0,0,0,0,0,0,0,0,3,5,8,0.125,0.208333333,0.333333333,
Live Oak,Maia & Juli,U,Summer,9/16/21,0,0,0,0,0,0,0,0,0,2,0,2,0,0,0,0,0,0,0,0,0,0,0,0,0,0,0,0,0,0,0,0,0,0,0,0,0,0,0,2,0,2,0.083333333,0,0.083333333,
Marina,Maia & Juli,U,Summer,9/21/21,0,0,0,0,1,1,0,0,0,0,0,0,0,0,0,0,0,0,0,0,0,0,0,0,0,0,0,0,0,0,0,1,1,0,0,0,,,0,0,2,2,0,0.083333333,0.083333333,
Capitola,Maia & Juli,U,Summer,9/23/21,0,0,0,0,0,0,0,0,0,1,0,1,0,0,0,0,1,1,0,0,0,0,0,0,0,0,0,0,0,0,0,0,0,0,0,0,0,0,0,1,1,2,0.041666667,0.041666667,0.083333333,
Main Beach,Maia & Juli,U,Summer,,,,0,,,0,,,0,,,0,,,0,,,0,,,0,,,0,,,0,,,0,,,0,,,0,,,0,0,0,0,0,0,0,
Del Monte,Maia & Juli,U,Summer,9/21/21,0,0,0,0,0,0,0,0,0,0,0,0,0,1,1,0,0,0,0,0,0,18,0,18,0,0,0,0,0,0,0,0,0,0,0,0,0,0,0,18,1,19,0.75,0.041666667,0.791666667,
Sunset,Maia & Juli,R,Summer,9/17/21,0,0,0,0,0,0,0,0,0,3,0,3,0,0,0,0,0,0,0,0,0,0,0,0,0,0,0,0,0,0,0,0,0,0,0,0,0,0,0,3,0,3,0.125,0,0.125,
N. Zmudowski,Maia & Juli,R,Summer,9/17/21,0,0,0,0,0,0,0,0,0,1,0,1,0,2,2,0,0,0,0,0,0,0,0,0,0,0,0,0,0,0,0,0,0,0,0,0,0,0,0,1,2,3,0.041666667,0.083333333,0.125,
S. Zmudowski,Maia & Juli,R,Summer,9/17/21,0,0,0,0,0,0,0,0,0,2,4,6,0,0,0,0,0,0,0,0,0,0,0,0,0,0,0,0,0,0,0,0,0,0,0,0,0,0,0,2,4,6,0.083333333,0.166666667,0.25,
Natural Bridges,Maia & Juli,U,Summer,9/16/21,0,2,2,0,0,0,0,0,0,0,0,0,0,0,0,0,0,0,0,0,0,0,0,0,0,0,0,0,0,0,0,0,0,0,0,0,0,0,0,0,2,2,0,0.083333333,0.083333333,
Waddell,Maia & Juli,R,Summer,9/16/21,0,0,0,0,0,0,0,0,0,0,0,0,0,0,0,0,0,0,0,0,0,0,0,0,0,1,1,0,0,0,0,0,0,0,0,0,0,0,0,0,1,1,0,0.041666667,0.041666667,